InstanceID,DateTimeStamp,Respondent,CaregiverID,StudyPhase,SessionType,SessionCount,Merge_TotalSessionTrials,SessionBlockCount,SelfMonitoring1,SelfMonitoring2,SelfMonitoring3,SelfMonitoring4,SelfMonitoring5,SelfMonitoring6,SelfMonitoring6a_1,SelfMonitoring6a_2,SelfMonitoring6a_3,ConfMonitoring1,ConfMonitoring2,ConfMonitoring3,ConfMonitoring4,ConfMonitoring5,ConfMonitoring6,ConfMonitoring6a_1,ConfMonitoring6a_2,ConfMonitoring6a_3,ConfConfederateInteraction,ConfTrialNote,IOAMonitoring1,IOAMonitoring2,IOAMonitoring3,IOAMonitoring4,IOAMonitoring5,IOAMonitoring6,IOAMonitoring6a_1,IOAMonitoring6a_2,IOAMonitoring6a_3,IOAConfederateInteraction,IOATrialNote,IOAxCARE_Key,CONFxCARE_Key,IOAxCONF_Key,CONFxCARExIOA_Key
p3h2noxcwo,2024-08-06T12:10:55-04:00,1_CONF,Case2,0_BL,0_AC,1,1,0.5,,,,,,,,,,1,1,0,0,1,1,0,1,0,1,Prompted to push button,,,,,,,,,,,,,,1,
u7j410wvbo,2024-09-16T15:54:43-04:00,2_IOA,Case2,0_BL,0_AC,1,1,,,,,,,,,,,,,,,,,,,,,,0,1,0,0,1,1,0,1,0,0,"""I like how you're helping"" (not 100% if this is task-specific)",,,1,
8c3dazi3qu,2024-08-06T12:16:47-04:00,1_CONF,Case2,0_BL,1_SC,1,1,0.5,,,,,,,,,,1,1,0,0,1,1,0,1,0,0,,,,,,,,,,,,,,,2,
8gmo86esfd,2024-09-16T15:59:44-04:00,2_IOA,Case2,0_BL,1_SC,1,1,,,,,,,,,,,,,,,,,,,,,,0,1,0,0,1,1,0,1,0,1,Further clarification on task from confederate,,,2,
bxe7tfs2qu,2024-09-16T16:02:56-04:00,2_IOA,Case2,0_BL,1_SC,1,2,,,,,,,,,,,,,,,,,,,,,,0,1,0,0,1,0,0,0,0,1,"Further explanation by confederate on when he will/not comply (""It's automated"") 9:05",,,3,
bzpgcj844i,2024-08-06T12:18:58-04:00,1_CONF,Case2,0_BL,1_SC,1,2,1,,,,,,,,,,1,1,0,0,0,0,0,0,1,1,Mentioned random assignment ,,,,,,,,,,,,,,3,
5323y3y8fp,2024-08-06T12:20:36-04:00,1_CONF,Case2,0_BL,1_SC,1,3,1.5,,,,,,,,,,1,1,0,0,1,0,0,0,1,0,,,,,,,,,,,,,,,4,
x4dw78jy50,2024-09-16T16:05:53-04:00,2_IOA,Case2,0_BL,1_SC,1,3,,,,,,,,,,,,,,,,,,,,,,0,1,0,0,1,0,0,0,1,0,,,,4,
awgsshyh5x,2024-09-16T16:07:02-04:00,2_IOA,Case2,0_BL,1_SC,1,4,,,,,,,,,,,,,,,,,,,,,,0,1,0,0,1,1,0,1,0,0,,,,5,
zom6it7q6a,2024-08-06T12:22:07-04:00,1_CONF,Case2,0_BL,1_SC,1,4,2,,,,,,,,,,1,1,0,1,1,1,0,1,0,0,,,,,,,,,,,,,,,5,
jiucokbggz,2024-09-16T16:08:57-04:00,2_IOA,Case2,0_BL,1_SC,1,5,,,,,,,,,,,,,,,,,,,,,,0,1,0,0,1,0,1,1,1,1,Confederate said he forgot what he was supposed to do 14:15,,,6,
zp2oqbs26n,2024-08-06T12:23:44-04:00,1_CONF,Case2,0_BL,1_SC,1,5,2.5,,,,,,,,,,1,1,0,1,1,0,1,1,1,1,Cited my own phone use,,,,,,,,,,,,,,6,
3bjywc7ujz,2024-08-06T12:25:17-04:00,1_CONF,Case2,0_BL,1_SC,1,6,3,,,,,,,,,,1,1,0,1,1,1,0,1,0,0,,,,,,,,,,,,,,,7,
a6mg339dt7,2024-09-16T16:11:03-04:00,2_IOA,Case2,0_BL,1_SC,1,6,,,,,,,,,,,,,,,,,,,,,,0,1,0,0,1,1,0,1,0,0,Caregiver noted something she would typically do different with AC 16:20,,,7,
eckfsmzhcu,2024-09-16T16:12:55-04:00,2_IOA,Case2,0_BL,1_SC,1,7,,,,,,,,,,,,,,,,,,,,,,1,1,0,0,1,1,0,1,0,1,Joke about being old and having to get on the ground 17:45,,,8,
xmwo3ksvlr,2024-08-06T12:26:54-04:00,1_CONF,Case2,0_BL,1_SC,1,7,3.5,,,,,,,,,,1,1,0,1,1,0,0,1,0,0,,,,,,,,,,,,,,,8,
n6ug7xzlvn,2024-08-06T12:28:26-04:00,1_CONF,Case2,0_BL,1_SC,1,8,4,,,,,,,,,,1,1,0,1,1,1,0,1,0,0,,,,,,,,,,,,,,,9,
y0dgz9grlu,2024-09-16T16:14:57-04:00,2_IOA,Case2,0_BL,1_SC,1,8,,,,,,,,,,,,,,,,,,,,,,0,1,0,0,1,1,0,1,0,0,,,,9,
5v8j76pz75,2024-09-16T16:16:43-04:00,2_IOA,Case2,0_BL,1_SC,1,9,,,,,,,,,,,,,,,,,,,,,,0,1,0,0,1,1,0,1,0,0,,,,10,
sdpw089q9q,2024-08-06T12:29:43-04:00,1_CONF,Case2,0_BL,1_SC,1,9,4.5,,,,,,,,,,1,1,0,1,1,1,0,1,0,0,,,,,,,,,,,,,,,10,
njbe6kn9ga,2024-09-16T16:18:36-04:00,2_IOA,Case2,0_BL,1_SC,1,10,,,,,,,,,,,,,,,,,,,,,,0,1,0,0,1,0,0,1,0,1,Caregiver asked confederate to get blanket 21:35,,,11,
pzsi25ii78,2024-08-06T12:31:29-04:00,1_CONF,Case2,0_BL,1_SC,1,10,5,,,,,,,,,,1,1,0,1,1,0,0,0,1,1,Forgot blanket,,,,,,,,,,,,,,11,
bmtkxgoqu1,2024-09-16T16:20:13-04:00,2_IOA,Case2,0_BL,1_SC,1,11,,,,,,,,,,,,,,,,,,,,,,0,1,0,0,1,1,0,1,0,0,,,,12,
jauk391j4r,2024-08-06T12:33:30-04:00,1_CONF,Case2,0_BL,1_SC,1,11,5.5,,,,,,,,,,1,1,0,1,1,0,0,1,0,0,"Was a no comply, wasn't sure of task, she took it as a compliant",,,,,,,,,,,,,,12,
6s5cbi2luc,2024-09-16T16:22:17-04:00,2_IOA,Case2,0_BL,1_SC,1,12,,,,,,,,,,,,,,,,,,,,,,0,1,0,0,1,1,0,1,0,0,,,,13,
a4knedjuvn,2024-08-06T12:34:59-04:00,1_CONF,Case2,0_BL,1_SC,1,12,6,,,,,,,,,,1,1,0,1,1,1,0,1,0,0,,,,,,,,,,,,,,,13,
59z28789f8,2024-08-06T12:42:01-04:00,1_CONF,Case2,0_BL,0_AC,1,2,0.5,,,,,,,,,,1,1,0,1,1,1,0,1,0,1,Requested to have placement on floor,,,,,,,,,,,,,,14,
q99ybaauu5,2024-09-16T16:26:48-04:00,2_IOA,Case2,0_BL,0_AC,1,2,,,,,,,,,,,,,,,,,,,,,,1,1,0,0,1,1,0,1,0,0,,,,14,
d48wh2n8ca,2024-09-16T16:29:31-04:00,2_IOA,Case2,0_BL,1_SC,1,13,,,,,,,,,,,,,,,,,,,,,,1,1,0,0,1,1,0,1,0,0,,,,15,
jqtcx1bw9u,2024-08-06T12:44:35-04:00,1_CONF,Case2,0_BL,1_SC,1,13,0.5,,,,,,,,,,1,1,0,1,1,1,0,1,0,0,,,,,,,,,,,,,,,15,
esp6cu9pzb,2024-09-16T16:31:00-04:00,2_IOA,Case2,0_BL,1_SC,1,14,,,,,,,,,,,,,,,,,,,,,,0,1,0,0,1,1,0,1,0,0,,,,16,
sv1ln9v67n,2024-08-06T12:46:18-04:00,1_CONF,Case2,0_BL,1_SC,1,14,1,,,,,,,,,,1,1,0,1,1,1,0,1,0,0,Should have been a no comply **Addressed 2024.09.16**,,,,,,,,,,,,,,16,
b7fvxbjdpz,2024-09-16T16:32:35-04:00,2_IOA,Case2,0_BL,1_SC,1,15,,,,,,,,,,,,,,,,,,,,,,1,1,0,0,1,0,1,1,1,0,,,,17,
ox85op7a90,2024-08-06T12:47:31-04:00,1_CONF,Case2,0_BL,1_SC,1,15,1.5,,,,,,,,,,1,1,0,1,1,0,1,1,1,0,,,,,,,,,,,,,,,17,
or7l6htn9m,2024-09-16T16:33:47-04:00,2_IOA,Case2,0_BL,1_SC,1,16,,,,,,,,,,,,,,,,,,,,,,1,1,0,0,1,1,0,1,0,0,,,,18,
vreldn5mvu,2024-08-06T12:51:02-04:00,1_CONF,Case2,0_BL,1_SC,1,16,2,,,,,,,,,,1,1,0,1,1,1,0,1,0,0,,,,,,,,,,,,,,,18,
dlxp2tr2li,2024-09-16T16:37:37-04:00,2_IOA,Case2,0_BL,0_AC,1,3,,,,,,,,,,,,,,,,,,,,,,1,1,0,0,1,1,0,1,0,0,child got distracted on the way to comply with demand 43:00,,,19,
h1jnbdx1lz,2024-08-06T12:52:49-04:00,1_CONF,Case2,0_BL,0_AC,1,3,0.5,,,,,,,,,,1,1,0,1,1,1,0,1,0,0,,,,,,,,,,,,,,,19,
l8jyc3t9ic,2024-09-16T16:40:16-04:00,2_IOA,Case2,0_BL,1_SC,1,17,,,,,,,,,,,,,,,,,,,,,,1,1,0,0,1,0,1,1,1,0,"child stayed in room, didn't seem to have impact on caregiver's behavior though",,,20,
yq71aj4ndb,2024-08-06T12:55:27-04:00,1_CONF,Case2,0_BL,1_SC,1,17,0.5,,,,,,,,,,1,1,0,1,1,0,0,0,1,0,,,,,,,,,,,,,,,20,
5gjmgk39wy,2024-09-16T16:41:49-04:00,2_IOA,Case2,0_BL,1_SC,1,18,,,,,,,,,,,,,,,,,,,,,,1,1,0,0,1,1,0,1,0,0,,,,21,
tag1fa0kp1,2024-08-06T12:56:51-04:00,1_CONF,Case2,0_BL,1_SC,1,18,1,,,,,,,,,,1,1,0,1,1,1,0,1,0,1,,,,,,,,,,,,,,,21,
1lv6uae4sw,2024-08-06T13:00:31-04:00,1_CONF,Case2,0_BL,0_AC,1,4,0.5,,,,,,,,,,1,1,0,1,1,1,0,1,0,0,,,,,,,,,,,,,,,22,
y8ufpk28ue,2024-09-16T16:43:16-04:00,2_IOA,Case2,0_BL,0_AC,1,4,,,,,,,,,,,,,,,,,,,,,,1,1,0,0,1,1,0,1,0,0,,,,22,
2lwr33pouv,2024-09-17T18:13:31-04:00,2_IOA,Case3,0_BL,0_AC,1,1,,,,,,,,,,,,,,,,,,,,,,0,1,0,0,1,1,1,1,0,0,"Child struggled with completing the task, and got distracted a few times 1:00",,,23,
j8lu5vx9rx,2024-08-06T14:09:05-04:00,1_CONF,Case3,0_BL,0_AC,1,1,0.5,,,,,,,,,,1,0,0,0,1,1,0,1,0,1,Some smiles when the child took a moment,,,,,,,,,,,,,,23,
ghbefk2p38,2024-09-17T18:18:24-04:00,2_IOA,Case3,0_BL,1_SC,1,1,,,,,,,,,,,,,,,,,,,,,,0,1,0,0,0,1,0,0,0,0,,,,24,
zqh67kai1y,2024-08-06T14:13:50-04:00,1_CONF,Case3,0_BL,1_SC,1,1,0.5,,,,,,,,,,1,1,0,0,1,1,0,0,0,0,,,,,,,,,,,,,,,24,
7o69hq0dlj,2024-08-06T14:15:16-04:00,1_CONF,Case3,0_BL,1_SC,1,2,1,,,,,,,,,,1,1,0,0,1,0,0,0,1,1,I said perfect at the end,,,,,,,,,,,,,,25,
aiumr70ncy,2024-09-17T18:20:01-04:00,2_IOA,Case3,0_BL,1_SC,1,2,,,,,,,,,,,,,,,,,,,,,,0,1,0,0,1,0,0,0,0,0,,,,25,
cjdx8fs07r,2024-09-17T18:20:47-04:00,2_IOA,Case3,0_BL,1_SC,1,3,,,,,,,,,,,,,,,,,,,,,,1,1,0,0,0,1,0,1,0,0,,,,26,
lgau2v904v,2024-08-06T14:16:28-04:00,1_CONF,Case3,0_BL,1_SC,1,3,1.5,,,,,,,,,,1,1,0,0,1,1,0,1,0,0,,,,,,,,,,,,,,,26,
8nyisqr5pk,2024-09-17T18:23:26-04:00,2_IOA,Case3,0_BL,1_SC,1,4,,,,,,,,,,,,,,,,,,,,,,0,1,0,0,1,0,0,0,0,1,Confederate noted repetitiveness to caregiver 13:00,,,27,
wieyal9grr,2024-08-06T14:17:42-04:00,1_CONF,Case3,0_BL,1_SC,1,4,2,,,,,,,,,,0,1,0,0,1,0,0,0,1,0,,,,,,,,,,,,,,,27,
2d7xai8172,2024-09-17T18:24:56-04:00,2_IOA,Case3,0_BL,1_SC,1,5,,,,,,,,,,,,,,,,,,,,,,0,1,0,0,1,1,0,1,0,0,,,,28,
ceio20vzn7,2024-08-06T14:18:58-04:00,1_CONF,Case3,0_BL,1_SC,1,5,2.5,,,,,,,,,,0,1,0,0,1,1,0,0,0,0,,,,,,,,,,,,,,,28,
nuojvsrak4,2024-08-06T14:20:16-04:00,1_CONF,Case3,0_BL,1_SC,1,6,3,,,,,,,,,,0,1,0,0,1,0,0,0,1,0,,,,,,,,,,,,,,,29,
v889ikqgsy,2024-09-17T18:26:08-04:00,2_IOA,Case3,0_BL,1_SC,1,6,,,,,,,,,,,,,,,,,,,,,,0,1,0,0,1,0,0,0,1,0,,,,29,
czm9gzky8g,2024-09-17T18:28:33-04:00,2_IOA,Case3,0_BL,1_SC,1,7,,,,,,,,,,,,,,,,,,,,,,0,1,0,0,1,0,0,0,1,0,,,,30,
vgsfvs23id,2024-08-06T14:21:23-04:00,1_CONF,Case3,0_BL,1_SC,1,7,3.5,,,,,,,,,,0,1,0,0,1,0,0,0,1,0,,,,,,,,,,,,,,,30,
hnlzj9937n,2024-09-17T18:30:40-04:00,2_IOA,Case3,0_BL,1_SC,1,8,,,,,,,,,,,,,,,,,,,,,,0,1,0,0,1,1,1,1,0,1,Confederate checked phone for what to do 18:00,,,34,
k81nionvca,2024-08-06T14:22:38-04:00,1_CONF,Case3,0_BL,1_SC,1,8,4,,,,,,,,,,0,0,0,0,1,1,0,1,0,1,Mentioned phone,,,,,,,,,,,,,,34,
t6p5yz0wtq,2024-09-17T18:31:11-04:00,2_IOA,Case3,0_BL,1_SC,1,9,,,,,,,,,,,,,,,,,,,,,,0,1,0,0,1,1,0,1,0,0,,,,35,
u0e61zeiap,2024-08-06T14:23:49-04:00,1_CONF,Case3,0_BL,1_SC,1,9,4.5,,,,,,,,,,0,1,0,0,1,1,0,1,0,0,,,,,,,,,,,,,,,35,
ncmbd91au8,2024-09-17T18:32:39-04:00,2_IOA,Case3,0_BL,1_SC,1,10,,,,,,,,,,,,,,,,,,,,,,0,1,0,0,1,0,0,0,1,0,,,,36,
rxji52j2gp,2024-08-06T14:25:09-04:00,1_CONF,Case3,0_BL,1_SC,1,10,5,,,,,,,,,,1,1,0,1,1,0,0,0,1,0,,,,,,,,,,,,,,,36,
6wigo9hbom,2024-09-17T18:33:58-04:00,2_IOA,Case3,0_BL,1_SC,1,11,,,,,,,,,,,,,,,,,,,,,,1,1,0,0,1,1,1,0,0,0,,,,37,
tz3akpx8zf,2024-08-06T14:26:14-04:00,1_CONF,Case3,0_BL,1_SC,1,11,5.5,,,,,,,,,,1,1,0,0,1,1,0,1,0,0,,,,,,,,,,,,,,,37,
3n532r5jem,2024-09-17T18:35:13-04:00,2_IOA,Case3,0_BL,1_SC,1,12,,,,,,,,,,,,,,,,,,,,,,0,1,0,0,1,0,0,0,1,0,,,,38,
ay9xpkvfkq,2024-08-06T14:27:32-04:00,1_CONF,Case3,0_BL,1_SC,1,12,6,,,,,,,,,,0,1,0,0,1,0,0,0,1,0,,,,,,,,,,,,,,,38,
dhz81nhvnu,2024-08-06T14:28:58-04:00,1_CONF,Case3,0_BL,1_SC,1,13,6.5,,,,,,,,,,0,1,0,0,1,1,0,1,0,1,Joke about drawing,,,,,,,,,,,,,,39,
eqklom8v8e,2024-09-17T18:37:01-04:00,2_IOA,Case3,0_BL,1_SC,1,13,,,,,,,,,,,,,,,,,,,,,,0,1,0,0,1,1,1,1,0,1,Joke about drawing 24:15,,,39,
syv0a0cypa,2024-09-17T18:38:52-04:00,2_IOA,Case3,0_BL,1_SC,1,14,,,,,,,,,,,,,,,,,,,,,,0,1,0,0,1,0,0,0,1,0,,,,40,
v6h0qhxezv,2024-08-06T14:30:17-04:00,1_CONF,Case3,0_BL,1_SC,1,14,7,,,,,,,,,,0,1,0,0,1,0,1,1,1,0,,,,,,,,,,,,,,,40,
bsn1hjye9t,2024-09-17T18:40:09-04:00,2_IOA,Case3,0_BL,1_SC,1,15,,,,,,,,,,,,,,,,,,,,,,0,1,0,0,1,1,0,1,0,0,,,,41,
tfjkg475qi,2024-08-06T14:31:31-04:00,1_CONF,Case3,0_BL,1_SC,1,15,7.5,,,,,,,,,,0,1,0,0,1,1,0,1,0,0,,,,,,,,,,,,,,,41,
nyhoddoted,2024-08-06T14:32:31-04:00,1_CONF,Case3,0_BL,1_SC,1,16,8,,,,,,,,,,0,1,0,0,1,0,0,0,1,0,,,,,,,,,,,,,,,42,
rnyomg9e2p,2024-09-17T18:41:11-04:00,2_IOA,Case3,0_BL,1_SC,1,16,,,,,,,,,,,,,,,,,,,,,,0,1,0,0,1,0,0,0,1,0,,,,42,
o6tjynhmm8,2024-09-17T18:45:52-04:00,2_IOA,Case3,0_BL,0_AC,1,2,,,,,,,,,,,,,,,,,,,,,,0,1,0,0,1,1,0,0,0,0,,,,43,
qr4b9h5rfk,2024-08-06T14:36:59-04:00,1_CONF,Case3,0_BL,0_AC,1,2,0.5,,,,,,,,,,1,0,0,0,1,1,0,0,0,0,,,,,,,,,,,,,,,43,
305smus3na,2024-08-06T14:41:21-04:00,1_CONF,Case3,0_BL,1_SC,1,18,1,,,,,,,,,,0,1,0,0,1,1,0,1,0,0,,,,,,,,,,,,,,,48,
mxq73lpgzv,2024-09-17T18:48:55-04:00,2_IOA,Case3,0_BL,1_SC,1,18,,,,,,,,,,,,,,,,,,,,,,0,1,0,0,1,1,1,1,0,0,,,,48,
sy8zy5mzg8,2024-09-17T18:50:54-04:00,2_IOA,Case3,0_BL,1_SC,1,19,,,,,,,,,,,,,,,,,,,,,,0,1,0,0,1,0,0,0,0,0,,,,49,
vx8357a2wu,2024-08-06T14:42:38-04:00,1_CONF,Case3,0_BL,1_SC,1,19,1.5,,,,,,,,,,0,1,0,0,1,0,0,0,1,0,,,,,,,,,,,,,,,49,
bk31g9rcg2,2024-09-17T18:52:10-04:00,2_IOA,Case3,0_BL,1_SC,1,20,,,,,,,,,,,,,,,,,,,,,,0,1,0,0,1,1,1,1,0,1,Joke about drawing 39:30,,,50,
rpef5nl8ky,2024-08-06T14:44:00-04:00,1_CONF,Case3,0_BL,1_SC,1,20,2,,,,,,,,,,0,0,0,0,1,1,0,1,0,0,,,,,,,,,,,,,,,50,
2ahwij0p7v,2024-08-06T14:45:11-04:00,1_CONF,Case3,0_BL,1_SC,1,21,2.5,,,,,,,,,,1,1,0,0,1,1,1,1,0,0,,,,,,,,,,,,,,,51,
gjgzwzcxx9,2024-09-17T18:53:14-04:00,2_IOA,Case3,0_BL,1_SC,1,21,,,,,,,,,,,,,,,,,,,,,,0,1,0,0,1,1,1,1,0,0,,,,51,
3he8tyx9gc,2024-08-06T14:46:18-04:00,1_CONF,Case3,0_BL,1_SC,1,22,3,,,,,,,,,,0,1,0,0,1,0,0,0,1,0,,,,,,,,,,,,,,,52,
7bq0lhykpl,2024-09-17T18:55:11-04:00,2_IOA,Case3,0_BL,1_SC,1,22,,,,,,,,,,,,,,,,,,,,,,0,1,0,0,1,0,0,0,0,0,,,,52,
td0jgh3zuz,2024-09-17T18:57:21-04:00,2_IOA,Case3,0_BL,0_AC,1,3,,,,,,,,,,,,,,,,,,,,,,1,1,0,0,1,1,0,1,0,0,,,,53,
w30gin0e3v,2024-08-06T14:50:08-04:00,1_CONF,Case3,0_BL,0_AC,1,3,0.5,,,,,,,,,,1,1,0,1,1,1,0,1,0,0,,,,,,,,,,,,,,,53,
k54xjiw0n2,2024-09-17T18:58:36-04:00,2_IOA,Case3,0_BL,1_SC,1,23,,,,,,,,,,,,,,,,,,,,,,0,1,0,0,1,0,0,0,1,0,,,,54,
xzuoviw1k5,2024-08-06T14:52:05-04:00,1_CONF,Case3,0_BL,1_SC,1,23,0.5,,,,,,,,,,0,1,0,0,1,0,0,0,1,0,,,,,,,,,,,,,,,54,
9b4dhcqlci,2024-08-06T14:53:27-04:00,1_CONF,Case3,0_BL,1_SC,1,24,1,,,,,,,,,,1,1,0,0,1,1,0,1,0,0,,,,,,,,,,,,,,,55,
knb5hiim9e,2024-09-17T19:00:09-04:00,2_IOA,Case3,0_BL,1_SC,1,24,,,,,,,,,,,,,,,,,,,,,,0,1,0,0,1,1,0,1,0,0,Child interrupted briefly 48:30,,,55,
7ng5gpmoms,2024-09-17T19:02:04-04:00,2_IOA,Case3,0_BL,1_SC,1,25,,,,,,,,,,,,,,,,,,,,,,0,1,0,0,1,0,0,0,0,0,,,,56,
rzwhywcd4l,2024-08-06T14:54:29-04:00,1_CONF,Case3,0_BL,1_SC,1,25,1.5,,,,,,,,,,1,1,0,1,1,0,0,0,1,0,,,,,,,,,,,,,,,56,
0jiez2d4jx,2024-08-06T14:55:58-04:00,1_CONF,Case3,0_BL,1_SC,1,26,2,,,,,,,,,,1,1,0,1,0,1,0,1,0,0,Blocks were in bin. Forgot,,,,,,,,,,,,,,57,
vh8gfmb3mw,2024-09-17T19:03:07-04:00,2_IOA,Case3,0_BL,1_SC,1,26,,,,,,,,,,,,,,,,,,,,,,1,1,0,0,1,1,0,1,0,0,,,,57,
irjdgx069j,2024-08-06T14:58:13-04:00,1_CONF,Case3,0_BL,0_AC,1,4,0.5,,,,,,,,,,0,1,0,0,0,1,0,1,0,0,,,,,,,,,,,,,,,58,
n5scr8ozlm,2024-09-17T19:05:26-04:00,2_IOA,Case3,0_BL,0_AC,1,4,,,,,,,,,,,,,,,,,,,,,,0,1,0,0,1,1,0,1,0,0,,,,58,
98uajjki8o,2024-09-18T15:42:23-04:00,2_IOA,Case1,0_BL,0_AC,1,1,,,,,,,,,,,,,,,,,,,,,,1,1,0,0,1,1,0,1,1,1,Caregiver asked if she was allowed to give child treat 1:00,,,59,
tpu1le2y24,2024-08-06T10:11:30-04:00,1_CONF,Case1,0_BL,0_AC,1,1,0.5,,,,,,,,,,1,1,0,0,1,1,0,1,0,0,Remembered reward after the fact,,,,,,,,,,,,,,59,
4wfnryqwqr,2024-08-06T10:16:49-04:00,1_CONF,Case1,0_BL,1_SC,1,1,0.5,,,,,,,,,,1,1,0,0,1,0,0,0,1,0,,,,,,,,,,,,,,,60,
w6vx1qin9y,2024-09-18T15:45:22-04:00,2_IOA,Case1,0_BL,1_SC,1,1,,,,,,,,,,,,,,,,,,,,,,1,1,0,0,1,0,0,0,1,1,"Small talk on ""Rob"" versus ""Robert"" 7:00",,,60,
76b6silt5i,2024-08-06T10:18:11-04:00,1_CONF,Case1,0_BL,1_SC,1,2,1,,,,,,,,,,1,1,0,0,1,1,0,1,1,0,Prompt to phone down,,,,,,,,,,,,,,61,
7r45gr929e,2024-09-18T15:46:24-04:00,2_IOA,Case1,0_BL,1_SC,1,2,,,,,,,,,,,,,,,,,,,,,,1,1,0,0,1,1,0,1,1,0,,,,61,
vbjcyo6w6g,2024-09-18T15:48:06-04:00,2_IOA,Case1,0_BL,1_SC,1,3,,,,,,,,,,,,,,,,,,,,,,1,1,1,0,1,1,1,1,1,1,Caregiver asked about whether she does the same thing every time 10:00,,,62,
zmp0lp9k1f,2024-08-06T10:19:27-04:00,1_CONF,Case1,0_BL,1_SC,1,3,1.5,,,,,,,,,,1,1,0,0,1,1,0,1,1,0,,,,,,,,,,,,,,,62,
bym9gfok2z,2024-09-18T15:49:02-04:00,2_IOA,Case1,0_BL,1_SC,1,4,,,,,,,,,,,,,,,,,,,,,,0,1,0,0,1,1,1,1,1,0,,,,63,
fezz3o4qcl,2024-08-06T10:21:08-04:00,1_CONF,Case1,0_BL,1_SC,1,4,2,,,,,,,,,,1,1,0,1,1,1,0,1,1,1,I complied when I shouldn't have **Addressed 2024.09.16**,,,,,,,,,,,,,,63,
8e2xxkqr4y,2024-09-18T15:52:10-04:00,2_IOA,Case1,0_BL,1_SC,1,5,,,,,,,,,,,,,,,,,,,,,,1,1,0,0,1,0,0,0,1,0,Whiteboard had incorrect trial # listed,,,64,
wfh37yc833,2024-08-06T10:22:56-04:00,1_CONF,Case1,0_BL,1_SC,1,5,2.5,,,,,,,,,,1,1,0,0,1,0,0,0,1,0,,,,,,,,,,,,,,,64,
7o936qd290,2024-08-06T10:25:16-04:00,1_CONF,Case1,0_BL,1_SC,1,6,3,,,,,,,,,,1,1,0,1,1,1,0,1,1,0,,,,,,,,,,,,,,,65,
vmj8s6shq5,2024-09-18T15:54:49-04:00,2_IOA,Case1,0_BL,1_SC,1,6,,,,,,,,,,,,,,,,,,,,,,1,1,0,1,1,1,1,1,1,0,,,,65,
f61mf134s8,2024-08-06T10:35:59-04:00,1_CONF,Case1,0_BL,0_AC,1,2,0.5,,,,,,,,,,1,1,0,0,0,1,0,1,1,0,Child talked to me,,,,,,,,,,,,,,66,
r3i36wzek0,2024-09-18T15:58:58-04:00,2_IOA,Case1,0_BL,0_AC,1,2,,,,,,,,,,,,,,,,,,,,,,1,1,0,0,1,1,0,1,1,0,,,,66,
r1z1xqgpez,2024-09-18T16:01:47-04:00,2_IOA,Case1,0_BL,1_SC,1,7,,,,,,,,,,,,,,,,,,,,,,1,1,1,0,1,1,0,0,1,0,,,,67,
zqpztu3q7m,2024-08-06T10:39:34-04:00,1_CONF,Case1,0_BL,1_SC,1,7,0.5,,,,,,,,,,1,1,0,0,1,1,0,1,1,0,,,,,,,,,,,,,,,67,
i3t0cqu8xo,2024-09-18T16:03:48-04:00,2_IOA,Case1,0_BL,1_SC,1,8,,,,,,,,,,,,,,,,,,,,,,1,1,0,0,1,0,0,0,1,0,,,,68,
nufa2j4q87,2024-08-06T10:41:41-04:00,1_CONF,Case1,0_BL,1_SC,1,8,1,,,,,,,,,,1,1,0,0,1,0,0,0,1,0,Had to check phone for no comply ,,,,,,,,,,,,,,68,
wh09w5y1rs,2024-08-06T10:43:28-04:00,1_CONF,Case1,0_BL,1_SC,1,9,1.5,,,,,,,,,,1,1,0,0,1,0,0,0,1,0,Checked phone again,,,,,,,,,,,,,,69,
yq5p630u2j,2024-09-18T16:05:38-04:00,2_IOA,Case1,0_BL,1_SC,1,9,,,,,,,,,,,,,,,,,,,,,,1,1,0,0,1,0,0,0,1,0,,,,69,
el8hjvj4ae,2024-09-18T16:06:52-04:00,2_IOA,Case1,0_BL,1_SC,1,10,,,,,,,,,,,,,,,,,,,,,,1,1,0,0,1,1,1,1,1,0,,,,70,
wn1ygertr5,2024-08-06T10:44:50-04:00,1_CONF,Case1,0_BL,1_SC,1,10,2,,,,,,,,,,1,1,0,0,1,1,0,1,1,0,,,,,,,,,,,,,,,70,
ney3hgrhzn,2024-08-06T10:46:34-04:00,1_CONF,Case1,0_BL,1_SC,1,11,2.5,,,,,,,,,,1,1,0,0,0,1,0,1,1,0,Not sure what the direction was,,,,,,,,,,,,,,71,
uogxlopec7,2024-09-18T16:09:09-04:00,2_IOA,Case1,0_BL,1_SC,1,11,,,,,,,,,,,,,,,,,,,,,,1,1,0,0,1,1,1,1,1,0,"""Here is your strawberry for listening"" (not sure if that counts as verbal feedback)",,,71,
arhq6xb8y5,2024-09-18T16:11:43-04:00,2_IOA,Case1,0_BL,1_SC,1,12,,,,,,,,,,,,,,,,,,,,,,0,1,0,0,1,0,0,0,1,0,,,,72,
grpy4vkmdw,2024-08-06T10:48:31-04:00,1_CONF,Case1,0_BL,1_SC,1,12,3,,,,,,,,,,1,1,0,0,1,0,0,0,1,1,Joke about behavior,,,,,,,,,,,,,,72,
yvdrlcvf6j,2024-09-18T16:14:10-04:00,2_IOA,Case1,0_BL,0_AC,1,3,,,,,,,,,,,,,,,,,,,,,,1,1,0,0,1,1,1,1,1,0,,,,73,
z08uj7ac1w,2024-08-06T10:53:19-04:00,1_CONF,Case1,0_BL,0_AC,1,3,0.5,,,,,,,,,,1,1,0,0,1,1,0,1,1,0,,,,,,,,,,,,,,,73,
9vaxpkqdjo,2024-08-08T10:07:20-04:00,1_CONF,Case1,2_T2,1_SC,3,1,0.5,,,,,,,,,,1,1,0,0,1,1,1,1,1,0,,,,,,,,,,,,,,50,74,9
lg3jm7u9y2,2024-09-18T17:01:34-04:00,2_IOA,Case1,2_T2,1_SC,3,1,,,,,,,,,,,,,,,,,,,,,,1,1,1,0,1,1,0,1,1,0,,1,,74,9
6k6s3bu510,2024-09-18T17:02:45-04:00,2_IOA,Case1,2_T2,1_SC,3,2,,,,,,,,,,,,,,,,,,,,,,1,1,0,0,1,0,0,0,1,0,,2,,75,10
k7g0uooap7,2024-08-08T10:08:21-04:00,1_CONF,Case1,2_T2,1_SC,3,2,1,,,,,,,,,,1,1,0,0,1,0,1,1,1,0,,,,,,,,,,,,,,51,75,10
o2wdtm4y2g,2024-08-08T10:09:34-04:00,1_CONF,Case1,2_T2,1_SC,3,3,1.5,,,,,,,,,,1,1,0,0,1,1,0,1,1,0,,,,,,,,,,,,,,52,76,11
scpiain4xl,2024-09-18T17:03:55-04:00,2_IOA,Case1,2_T2,1_SC,3,3,,,,,,,,,,,,,,,,,,,,,,1,1,0,0,1,1,0,1,1,0,,3,,76,11
2xq3906fvt,2024-08-08T10:10:45-04:00,1_CONF,Case1,2_T2,1_SC,3,4,2,,,,,,,,,,1,1,0,0,1,0,1,1,1,0,,,,,,,,,,,,,,53,77,12
si6c6fsnir,2024-09-18T17:05:33-04:00,2_IOA,Case1,2_T2,1_SC,3,4,,,,,,,,,,,,,,,,,,,,,,1,1,0,0,1,0,0,1,1,0,,4,,77,12
5y0bn6u2ew,2024-09-18T17:07:36-04:00,2_IOA,Case1,2_T2,1_SC,3,5,,,,,,,,,,,,,,,,,,,,,,1,1,1,0,1,0,1,1,1,0,,5,,78,13
vqh7gfxcey,2024-08-08T10:12:23-04:00,1_CONF,Case1,2_T2,1_SC,3,5,2.5,,,,,,,,,,1,1,0,0,1,0,1,1,1,1,,,,,,,,,,,,,,54,78,13
u7tt56x4zn,2024-08-08T10:13:41-04:00,1_CONF,Case1,2_T2,1_SC,3,6,3,,,,,,,,,,1,1,0,1,1,1,1,1,1,0,,,,,,,,,,,,,,55,79,14
ugqlglg8o0,2024-09-18T17:08:41-04:00,2_IOA,Case1,2_T2,1_SC,3,6,,,,,,,,,,,,,,,,,,,,,,1,1,1,0,1,1,1,1,1,0,,6,,79,14
lgcbdih7g4,2024-09-18T17:09:50-04:00,2_IOA,Case1,2_T2,1_SC,3,7,,,,,,,,,,,,,,,,,,,,,,1,1,1,0,1,0,1,1,1,0,,7,,80,15
mwwt50zvma,2024-08-08T10:14:44-04:00,1_CONF,Case1,2_T2,1_SC,3,7,3.5,,,,,,,,,,1,1,0,0,1,0,1,1,1,0,,,,,,,,,,,,,,56,80,15
3lbou8hk69,2024-09-18T17:10:41-04:00,2_IOA,Case1,2_T2,1_SC,3,8,,,,,,,,,,,,,,,,,,,,,,1,1,0,0,1,1,1,1,1,0,,8,,81,16
63c7z22k5i,2024-08-08T10:15:45-04:00,1_CONF,Case1,2_T2,1_SC,3,8,4,,,,,,,,,,1,1,0,1,0,1,1,1,1,0,,,,,,,,,,,,,,57,81,16
77scmgllqe,2024-08-08T10:16:57-04:00,1_CONF,Case1,2_T2,1_SC,3,9,4.5,,,,,,,,,,1,1,0,0,1,0,1,1,1,0,,,,,,,,,,,,,,58,82,17
mh1er4o7er,2024-09-18T17:11:28-04:00,2_IOA,Case1,2_T2,1_SC,3,9,,,,,,,,,,,,,,,,,,,,,,1,1,1,0,1,0,1,1,1,0,,9,,82,17
4r8z24dj0i,2024-09-18T17:12:20-04:00,2_IOA,Case1,2_T2,1_SC,3,10,,,,,,,,,,,,,,,,,,,,,,1,1,0,0,1,1,0,1,1,0,,10,,83,18
yo3ske4qqn,2024-08-08T10:18:01-04:00,1_CONF,Case1,2_T2,1_SC,3,10,5,,,,,,,,,,1,1,0,0,1,1,1,1,1,0,,,,,,,,,,,,,,59,83,18
56g60rpg16,2024-09-18T17:13:34-04:00,2_IOA,Case1,2_T2,1_SC,3,11,,,,,,,,,,,,,,,,,,,,,,1,1,1,0,1,0,1,1,1,0,,11,,84,19
omyuc8kvj5,2024-08-08T10:19:06-04:00,1_CONF,Case1,2_T2,1_SC,3,11,5.5,,,,,,,,,,1,1,0,1,1,0,1,1,1,0,,,,,,,,,,,,,,60,84,19
d6l45fq2ri,2024-09-18T17:14:45-04:00,2_IOA,Case1,2_T2,1_SC,3,12,,,,,,,,,,,,,,,,,,,,,,1,1,1,0,1,1,1,1,1,0,,12,,85,20
tqd8io78y1,2024-08-08T10:20:30-04:00,1_CONF,Case1,2_T2,1_SC,3,12,6,,,,,,,,,,1,1,0,0,1,1,1,1,1,0,,,,,,,,,,,,,,61,85,20
fr4p17schn,2024-09-18T17:16:34-04:00,2_IOA,Case1,2_T2,1_SC,3,13,,,,,,,,,,,,,,,,,,,,,,1,1,1,0,1,0,1,1,1,0,,13,,86,21
l9qcvrx9ff,2024-08-08T10:21:57-04:00,1_CONF,Case1,2_T2,1_SC,3,13,6.5,,,,,,,,,,1,1,0,0,1,0,1,1,1,0,,,,,,,,,,,,,,62,86,21
dnokw51592,2024-08-08T10:23:27-04:00,1_CONF,Case1,2_T2,1_SC,3,14,7,,,,,,,,,,1,1,0,0,1,1,1,1,1,0,,,,,,,,,,,,,,63,87,22
qlx6imdq79,2024-09-18T17:18:04-04:00,2_IOA,Case1,2_T2,1_SC,3,14,,,,,,,,,,,,,,,,,,,,,,1,1,1,0,1,1,1,1,1,0,,14,,87,22
bzgpdechqj,2024-09-18T17:18:58-04:00,2_IOA,Case1,2_T2,1_SC,3,15,,,,,,,,,,,,,,,,,,,,,,1,1,0,0,1,1,0,1,1,0,,15,,88,23
l4bnh1calr,2024-08-08T10:25:04-04:00,1_CONF,Case1,2_T2,1_SC,3,15,7.5,,,,,,,,,,1,1,1,1,1,1,0,1,1,1,Asked about written feedback,,,,,,,,,,,,,64,88,23
gcxlocm6jn,2024-08-08T10:25:56-04:00,1_CONF,Case1,2_T2,1_SC,3,16,8,,,,,,,,,,1,1,1,1,1,0,1,1,1,1,,,,,,,,,,,,,,65,89,24
vgkp8zjqzm,2024-09-18T17:19:41-04:00,2_IOA,Case1,2_T2,1_SC,3,16,,,,,,,,,,,,,,,,,,,,,,1,1,1,1,1,0,1,1,1,0,,16,,89,24
9jzbe1om92,2024-08-08T10:27:09-04:00,1_CONF,Case1,2_T2,1_SC,3,17,8.5,,,,,,,,,,1,1,1,0,1,0,1,1,1,1,,,,,,,,,,,,,,66,90,25
d8x2z310fx,2024-09-18T17:20:18-04:00,2_IOA,Case1,2_T2,1_SC,3,17,,,,,,,,,,,,,,,,,,,,,,1,1,1,0,1,0,1,1,1,0,,17,,90,25
6ucigy2n12,2024-08-08T10:28:23-04:00,1_CONF,Case1,2_T2,1_SC,3,18,9,,,,,,,,,,1,1,0,0,1,1,1,1,1,0,,,,,,,,,,,,,,67,91,26
734eninxvv,2024-09-18T17:21:23-04:00,2_IOA,Case1,2_T2,1_SC,3,18,,,,,,,,,,,,,,,,,,,,,,1,1,1,0,1,1,0,0,1,0,Caregiver took ~4 sec for feedback,18,,91,26
maxcjqdrw9,2024-09-18T17:23:24-04:00,2_IOA,Case1,2_T2,1_SC,3,19,,,,,,,,,,,,,,,,,,,,,,1,1,1,1,1,1,1,1,1,1,Confederate provided some coaching/feedback to caregiver 23:00,19,,92,27
nneqyyrric,2024-08-08T10:34:09-04:00,1_CONF,Case1,2_T2,1_SC,3,19,9.5,,,,,,,,,,1,1,1,1,1,1,1,1,1,1,Had just given verbal feedback,,,,,,,,,,,,,68,92,27
jc1k7c9yem,2024-08-08T10:35:01-04:00,1_CONF,Case1,2_T2,1_SC,3,20,10,,,,,,,,,,1,1,1,1,1,0,1,1,1,1,,,,,,,,,,,,,,69,93,28
rm8rmwo66j,2024-09-18T17:24:26-04:00,2_IOA,Case1,2_T2,1_SC,3,20,,,,,,,,,,,,,,,,,,,,,,1,1,1,1,1,0,1,1,1,0,,20,,93,28
c9o0v9ykd7,2024-08-08T10:36:02-04:00,1_CONF,Case1,2_T2,1_SC,3,21,10.5,,,,,,,,,,1,1,1,1,1,1,0,1,1,0,,,,,,,,,,,,,,70,94,29
y8rhyubsok,2024-09-18T17:25:29-04:00,2_IOA,Case1,2_T2,1_SC,3,21,,,,,,,,,,,,,,,,,,,,,,1,1,1,1,1,1,1,1,1,0,,21,,94,29
2qwvmm07ui,2024-08-08T10:36:47-04:00,1_CONF,Case1,2_T2,1_SC,3,22,11,,,,,,,,,,1,1,1,1,1,0,1,1,1,0,,,,,,,,,,,,,,71,95,30
nd0rmpg3pv,2024-09-18T17:26:23-04:00,2_IOA,Case1,2_T2,1_SC,3,22,,,,,,,,,,,,,,,,,,,,,,1,1,1,1,1,0,1,1,1,1,,22,,95,30
jjm57uwqzt,2024-08-08T10:37:54-04:00,1_CONF,Case1,2_T2,1_SC,3,23,11.5,,,,,,,,,,1,1,1,0,1,0,1,1,1,0,,,,,,,,,,,,,,72,96,31
vioxlffn8a,2024-09-18T17:27:41-04:00,2_IOA,Case1,2_T2,1_SC,3,23,,,,,,,,,,,,,,,,,,,,,,1,0,1,0,1,0,1,1,1,0,,23,,96,31
6jf8x6m65g,2024-09-18T17:28:29-04:00,2_IOA,Case1,2_T2,1_SC,3,24,,,,,,,,,,,,,,,,,,,,,,1,1,1,1,1,1,1,1,1,0,,24,,97,32
iahde57cm8,2024-08-08T10:38:53-04:00,1_CONF,Case1,2_T2,1_SC,3,24,12,,,,,,,,,,1,1,1,1,1,1,1,1,1,0,,,,,,,,,,,,,,73,97,32
b2cv0nv2g0,2024-09-18T17:30:22-04:00,2_IOA,Case1,2_T2,1_SC,3,25,,,,,,,,,,,,,,,,,,,,,,1,1,1,1,1,1,1,1,1,1,Confederate provided further coaching 33:00,25,,98,33
xfafelu310,2024-08-08T10:41:01-04:00,1_CONF,Case1,2_T2,1_SC,3,25,12.5,,,,,,,,,,1,1,1,1,1,1,1,1,1,1,Previous verbal feedback,,,,,,,,,,,,,74,98,33
gma9hpwu0p,2024-09-18T17:31:15-04:00,2_IOA,Case1,2_T2,1_SC,3,26,,,,,,,,,,,,,,,,,,,,,,1,1,1,1,1,1,1,1,1,0,,26,,99,34
ylwmempocs,2024-08-08T10:42:11-04:00,1_CONF,Case1,2_T2,1_SC,3,26,13,,,,,,,,,,1,1,1,1,1,1,1,1,1,1,I complied **Addressed 2024.09.16**,,,,,,,,,,,,,75,99,34
5af6ra23cu,2024-08-08T10:43:38-04:00,1_CONF,Case1,2_T2,1_SC,3,27,13.5,,,,,,,,,,1,1,1,1,1,0,1,1,1,0,,,,,,,,,,,,,,76,100,35
d58j6dfoi3,2024-09-18T17:32:01-04:00,2_IOA,Case1,2_T2,1_SC,3,27,,,,,,,,,,,,,,,,,,,,,,1,1,1,1,1,1,1,1,1,0,,27,,100,35
hj5bssexha,2024-08-08T10:44:27-04:00,1_CONF,Case1,2_T2,1_SC,3,28,14,,,,,,,,,,1,1,1,1,1,1,1,1,1,0,,,,,,,,,,,,,,77,101,36
j0rtbyxbvh,2024-09-18T17:33:04-04:00,2_IOA,Case1,2_T2,1_SC,3,28,,,,,,,,,,,,,,,,,,,,,,1,1,1,1,1,1,1,1,1,0,,28,,101,36
pocntkr3bb,2024-09-18T17:33:54-04:00,2_IOA,Case1,2_T2,1_SC,3,29,,,,,,,,,,,,,,,,,,,,,,1,1,1,1,1,1,1,1,1,0,,29,,102,37
tdquvppn2k,2024-08-08T10:45:21-04:00,1_CONF,Case1,2_T2,1_SC,3,29,14.5,,,,,,,,,,1,1,1,1,1,1,1,1,1,0,,,,,,,,,,,,,,78,102,37
o1n9nyvq1v,2024-08-08T10:46:30-04:00,1_CONF,Case1,2_T2,1_SC,3,30,15,,,,,,,,,,1,1,0,0,1,0,1,1,1,0,,,,,,,,,,,,,,79,103,38
q4b896tlmn,2024-09-18T17:35:01-04:00,2_IOA,Case1,2_T2,1_SC,3,30,,,,,,,,,,,,,,,,,,,,,,1,1,1,1,1,0,1,1,1,0,,30,,103,38
20biysgoz7,2024-08-19T11:02:31-04:00,1_CONF,Case1,5_RTB,0_AC,7,1,0.5,,,,,,,,,,1,1,1,1,1,1,1,1,1,0,,,,,,,,,,,,,,,104,
kd25b48510,2024-09-18T17:38:41-04:00,2_IOA,Case1,5_RTB,0_AC,7,1,,,,,,,,,,,,,,,,,,,,,,1,1,1,1,1,1,1,1,1,0,,,,104,
8ie3mrou4h,2024-08-19T11:03:13-04:00,1_CONF,Case1,5_RTB,0_AC,7,2,1,,,,,,,,,,1,1,1,1,1,0,1,1,1,1,Caregiver initiated end of trial,,,,,,,,,,,,,,105,
mumw92rpde,2024-09-18T17:39:52-04:00,2_IOA,Case1,5_RTB,0_AC,7,2,,,,,,,,,,,,,,,,,,,,,,1,1,0,0,1,0,1,1,1,0,,,,105,
373cjw34g9,2024-09-18T17:41:24-04:00,2_IOA,Case1,5_RTB,0_AC,7,3,,,,,,,,,,,,,,,,,,,,,,1,1,1,1,1,0,1,1,1,0,Noticed that the child did eventually comply,,,106,
ezencmrird,2024-08-19T11:04:11-04:00,1_CONF,Case1,5_RTB,0_AC,7,3,1.5,,,,,,,,,,1,1,1,1,1,0,1,1,1,0,,,,,,,,,,,,,,,106,
ewxfrj18h2,2024-09-18T17:43:04-04:00,2_IOA,Case3,3_T3,1_SC,4,1,,,,,,,,,,,,,,,,,,,,,,1,1,1,1,1,0,1,1,1,0,,31,,107,42
xd3xahzf81,2024-08-14T09:00:53-04:00,1_CONF,Case3,3_T3,1_SC,4,1,0.5,,,,,,,,,,1,1,1,1,1,0,1,1,1,0,,,,,,,,,,,,,,111,107,42
1t1iowgtpt,2024-09-18T17:43:50-04:00,2_IOA,Case3,3_T3,1_SC,4,2,,,,,,,,,,,,,,,,,,,,,,1,1,1,1,1,1,1,1,1,0,,32,,108,43
rixk768iqu,2024-08-14T09:01:54-04:00,1_CONF,Case3,3_T3,1_SC,4,2,1,,,,,,,,,,1,1,1,1,1,1,1,1,1,0,,,,,,,,,,,,,,112,108,43
ctu2c5a2ry,2024-09-18T17:45:06-04:00,2_IOA,Case3,3_T3,1_SC,4,3,,,,,,,,,,,,,,,,,,,,,,1,1,1,1,0,1,1,1,1,0,Very neutral tone,33,,109,44
k0ay8aucra,2024-08-14T09:02:59-04:00,1_CONF,Case3,3_T3,1_SC,4,3,1.5,,,,,,,,,,1,1,1,1,1,1,1,1,1,0,,,,,,,,,,,,,,113,109,44
6gfrzmpdlk,2024-09-18T17:45:50-04:00,2_IOA,Case3,3_T3,1_SC,4,4,,,,,,,,,,,,,,,,,,,,,,1,1,1,1,1,0,1,1,1,0,,34,,110,45
r8ruyihge5,2024-08-14T09:03:42-04:00,1_CONF,Case3,3_T3,1_SC,4,4,2,,,,,,,,,,1,1,1,1,1,0,1,1,1,0,,,,,,,,,,,,,,114,110,45
kyy0ibw5h5,2024-09-18T17:46:49-04:00,2_IOA,Case3,3_T3,1_SC,4,5,,,,,,,,,,,,,,,,,,,,,,1,1,1,1,1,0,1,1,1,0,,35,,111,46
m2oc7z1zit,2024-08-14T09:04:59-04:00,1_CONF,Case3,3_T3,1_SC,4,5,2.5,,,,,,,,,,1,1,0,1,1,1,0,1,1,0,,,,,,,,,,,,,,115,111,46
73v7awwxz6,2024-08-14T09:05:59-04:00,1_CONF,Case3,3_T3,1_SC,4,6,3,,,,,,,,,,1,1,1,1,1,0,1,1,1,0,,,,,,,,,,,,,,116,112,47
rbbidk7at3,2024-09-18T17:48:30-04:00,2_IOA,Case3,3_T3,1_SC,4,6,,,,,,,,,,,,,,,,,,,,,,1,1,1,1,1,0,1,1,1,0,,36,,112,47
jve0bc8gh8,2024-08-14T09:07:47-04:00,1_CONF,Case3,3_T3,1_SC,4,8,4,,,,,,,,,,1,1,1,1,1,1,1,1,1,0,,,,,,,,,,,,,,118,113,
sf49pxvi6r,2024-09-18T17:50:21-04:00,2_IOA,Case3,3_T3,1_SC,4,7,,,,,,,,,,,,,,,,,,,,,,1,1,1,1,0,1,1,1,1,0,"very soft tone. This is also supposed to be trial 8, not sure if i fixed the #",37,,113,48
2rgnz7tcni,2024-09-18T17:50:53-04:00,2_IOA,Case3,3_T3,1_SC,4,9,,,,,,,,,,,,,,,,,,,,,,1,1,1,1,1,0,1,1,1,0,,38,,114,49
esxf9xbcco,2024-08-14T09:08:28-04:00,1_CONF,Case3,3_T3,1_SC,4,9,4.5,,,,,,,,,,1,1,1,1,1,0,1,1,1,0,,,,,,,,,,,,,,119,114,49
ynl71yhho2,2024-09-18T17:51:32-04:00,2_IOA,Case3,3_T3,1_SC,4,10,,,,,,,,,,,,,,,,,,,,,,1,1,1,1,1,1,1,1,1,0,,39,,115,50
zsydrua0kw,2024-08-14T09:09:11-04:00,1_CONF,Case3,3_T3,1_SC,4,10,5,,,,,,,,,,1,1,1,1,1,1,1,1,1,0,,,,,,,,,,,,,,120,115,50
5ivcwqnz46,2024-09-18T17:52:12-04:00,2_IOA,Case3,3_T3,1_SC,4,11,,,,,,,,,,,,,,,,,,,,,,1,1,1,1,1,1,1,1,1,0,,40,,116,51
g3ustmig5t,2024-08-14T09:10:03-04:00,1_CONF,Case3,3_T3,1_SC,4,11,5.5,,,,,,,,,,1,1,1,1,1,1,1,1,1,0,,,,,,,,,,,,,,121,116,51
7anv3ijurn,2024-08-14T09:10:44-04:00,1_CONF,Case3,3_T3,1_SC,4,12,6,,,,,,,,,,1,1,1,1,1,0,1,1,1,0,,,,,,,,,,,,,,122,117,52
xunm7k7en3,2024-09-18T17:52:47-04:00,2_IOA,Case3,3_T3,1_SC,4,12,,,,,,,,,,,,,,,,,,,,,,1,1,1,1,1,0,1,1,1,0,,41,,117,52
1dd4utxqq0,2024-08-14T09:15:50-04:00,1_CONF,Case3,3_T3,0_AC,4,1,0.5,,,,,,,,,,1,1,1,1,1,1,1,1,1,0,,,,,,,,,,,,,,,118,
x4d1cf3xmr,2024-09-18T17:53:54-04:00,2_IOA,Case3,3_T3,0_AC,4,1,,,,,,,,,,,,,,,,,,,,,,1,1,1,1,1,1,1,1,1,0,,,,118,
84c2e101cp,2024-08-14T09:16:28-04:00,1_CONF,Case3,3_T3,0_AC,4,2,1,,,,,,,,,,1,1,1,1,1,1,1,1,1,0,,,,,,,,,,,,,,,119,
g278kkqemr,2024-09-18T17:55:02-04:00,2_IOA,Case3,3_T3,0_AC,4,2,,,,,,,,,,,,,,,,,,,,,,1,1,1,1,0,1,1,1,1,0,Questioning tone? 16:15ish,,,119,
1fv3xh81bn,2024-08-14T09:17:05-04:00,1_CONF,Case3,3_T3,0_AC,4,3,1.5,,,,,,,,,,1,1,1,1,1,1,1,1,1,0,,,,,,,,,,,,,,,120,
bvczagvhcw,2024-09-18T17:55:29-04:00,2_IOA,Case3,3_T3,0_AC,4,3,,,,,,,,,,,,,,,,,,,,,,1,1,1,1,1,1,1,1,1,0,,,,120,
mftqsa41sf,2024-08-13T08:59:41-04:00,1_CONF,Case3,2_T2,1_SC,3,1,0.5,,,,,,,,,,1,1,1,1,1,1,1,1,1,1,,,,,,,,,,,,,,97,121,39
qe93m4qrvs,2024-10-15T11:59:20-04:00,2_IOA,Case3,2_T2,1_SC,3,1,,,,,,,,,,,,,,,,,,,,,,1,1,0,1,1,1,0,1,1,0,,42,,121,39
b6s7qzxy89,2024-08-13T09:02:21-04:00,1_CONF,Case3,2_T2,1_SC,3,4,2,,,,,,,,,,1,1,1,1,1,1,1,1,1,0,,,,,,,,,,,,,,100,122,40
rsfxpuknwc,2024-10-15T12:00:31-04:00,2_IOA,Case3,2_T2,1_SC,3,4,,,,,,,,,,,,,,,,,,,,,,1,1,1,1,1,1,1,1,1,0,,43,,122,40
33u71gj78q,2024-08-13T09:03:54-04:00,1_CONF,Case3,2_T2,1_SC,3,6,3,,,,,,,,,,1,1,1,1,1,0,1,1,1,0,,,,,,,,,,,,,,102,123,41
83jphwg4n3,2024-10-15T12:01:47-04:00,2_IOA,Case3,2_T2,1_SC,3,6,,,,,,,,,,,,,,,,,,,,,,0,1,1,1,1,0,1,1,1,0,,44,,123,41
3wxuui1ah1,2024-10-15T12:04:05-04:00,2_IOA,Case3,2_T2,0_AC,3,1,,,,,,,,,,,,,,,,,,,,,,1,1,1,1,1,1,1,1,1,0,,,,124,
l78puidwmz,2024-08-13T09:11:38-04:00,1_CONF,Case3,2_T2,0_AC,3,1,0.5,,,,,,,,,,1,1,1,1,1,1,1,1,1,0,,,,,,,,,,,,,,,124,
assm964nzn,2024-08-13T09:12:32-04:00,1_CONF,Case3,2_T2,0_AC,3,2,1,,,,,,,,,,1,1,1,1,1,1,1,1,1,0,,,,,,,,,,,,,,,125,
e0z5265xq5,2024-10-15T12:04:54-04:00,2_IOA,Case3,2_T2,0_AC,3,2,,,,,,,,,,,,,,,,,,,,,,0,1,1,1,1,1,1,1,1,0,,,,125,
fos43axt8r,2024-08-13T09:13:44-04:00,1_CONF,Case3,2_T2,0_AC,3,3,1.5,,,,,,,,,,1,1,1,1,1,1,1,1,1,1,,,,,,,,,,,,,,,126,
gvv8k8t7jh,2024-10-15T12:05:53-04:00,2_IOA,Case3,2_T2,0_AC,3,3,,,,,,,,,,,,,,,,,,,,,,0,1,1,1,1,1,1,1,1,0,,,,126,
ea26882t36,2024-08-14T09:46:20-04:00,1_CONF,Case2,5_RTB,1_SC,5,1,0.5,,,,,,,,,,1,1,1,1,1,1,1,1,1,1,,,,,,,,,,,,,,,127,
xki99w6k2n,2024-10-15T12:07:33-04:00,2_IOA,Case2,5_RTB,1_SC,5,1,,,,,,,,,,,,,,,,,,,,,,0,1,1,1,1,1,1,1,1,0,,,,127,
4p52jdcygg,2024-08-14T09:48:49-04:00,1_CONF,Case2,5_RTB,1_SC,5,4,2,,,,,,,,,,1,1,1,1,1,0,1,1,1,0,,,,,,,,,,,,,,,128,
iaz4s4xnef,2024-10-15T12:10:16-04:00,2_IOA,Case2,5_RTB,1_SC,5,4,,,,,,,,,,,,,,,,,,,,,,1,1,1,1,1,0,1,1,1,0,,,,128,
axd74c2h1n,2024-10-15T12:12:03-04:00,2_IOA,Case2,5_RTB,1_SC,5,7,,,,,,,,,,,,,,,,,,,,,,0,1,1,0,1,0,1,1,1,0,,,,129,
bk9wgqr4ul,2024-08-14T09:51:40-04:00,1_CONF,Case2,5_RTB,1_SC,5,7,3.5,,,,,,,,,,1,1,1,1,1,0,1,1,1,0,,,,,,,,,,,,,,,129,
1ruj52dgun,2024-08-14T09:57:47-04:00,1_CONF,Case2,5_RTB,0_AC,5,1,0.5,,,,,,,,,,1,1,1,0,1,0,1,1,1,0,,,,,,,,,,,,,,,130,
474p3aa70a,2024-10-15T12:14:38-04:00,2_IOA,Case2,5_RTB,0_AC,5,1,,,,,,,,,,,,,,,,,,,,,,1,1,1,0,1,0,1,1,1,0,,,,130,
383ug03yv7,2024-10-15T12:16:29-04:00,2_IOA,Case1,5_RTB,1_SC,6,1,,,,,,,,,,,,,,,,,,,,,,1,1,1,1,1,1,1,1,1,0,,,,131,
xmvhjmnp8d,2024-08-16T09:54:28-04:00,1_CONF,Case1,5_RTB,1_SC,6,1,0.5,,,,,,,,,,1,1,1,1,1,0,1,1,1,0,,,,,,,,,,,,,,,131,
evzr333lzv,2024-10-15T12:17:37-04:00,2_IOA,Case1,5_RTB,1_SC,6,4,,,,,,,,,,,,,,,,,,,,,,1,1,1,1,1,0,1,1,1,0,,,,132,
t74m72d6ox,2024-08-16T09:58:10-04:00,1_CONF,Case1,5_RTB,1_SC,6,4,2,,,,,,,,,,1,1,1,1,1,0,1,1,1,0,,,,,,,,,,,,,,,132,
72avvejb86,2024-10-15T12:18:39-04:00,2_IOA,Case1,5_RTB,1_SC,6,7,,,,,,,,,,,,,,,,,,,,,,1,1,1,1,1,1,1,1,1,0,,,,133,
mpi2rm6b1i,2024-08-16T10:00:45-04:00,1_CONF,Case1,5_RTB,1_SC,6,7,3.5,,,,,,,,,,1,1,1,1,1,1,1,1,1,0,,,,,,,,,,,,,,,133,
37po94yfh9,2024-10-15T12:22:43-04:00,2_IOA,Case3,1_T1,1_SC,2,1,,,,,,,,,,,,,,,,,,,,,,0,1,0,0,1,0,1,1,1,1,Looked like some technical difficulties that had to be navigated (1:00),45,,134,1
vws0jd4py3,2024-08-07T09:36:05-04:00,1_CONF,Case3,1_T1,1_SC,2,1,0.5,,,,,,,,,,1,1,0,0,1,0,1,1,1,1,Sent wrong guide. **Addressed 2024.09.16**,,,,,,,,,,,,,1,134,1
uhz6scvrcf,2024-08-07T09:40:13-04:00,1_CONF,Case3,1_T1,1_SC,2,4,2,,,,,,,,,,1,1,0,1,1,0,1,1,1,0,,,,,,,,,,,,,,4,135,2
x924pt7327,2024-10-15T12:25:12-04:00,2_IOA,Case3,1_T1,1_SC,2,4,,,,,,,,,,,,,,,,,,,,,,1,1,0,0,1,0,1,1,1,0,,46,,135,2
2ef79ggn0j,2024-10-15T12:26:34-04:00,2_IOA,Case3,1_T1,1_SC,2,7,,,,,,,,,,,,,,,,,,,,,,0,1,0,0,1,1,1,1,0,0,,47,,136,3
wobjacr4f0,2024-08-07T09:43:56-04:00,1_CONF,Case3,1_T1,1_SC,2,7,3.5,,,,,,,,,,1,1,0,1,1,1,1,1,0,0,,,,,,,,,,,,,,7,136,3
ssh1t4owvj,2024-10-15T12:27:57-04:00,2_IOA,Case3,1_T1,1_SC,2,11,,,,,,,,,,,,,,,,,,,,,,0,1,0,0,1,0,1,1,1,0,,48,,137,4
x6snutud2j,2024-08-07T09:48:46-04:00,1_CONF,Case3,1_T1,1_SC,2,11,5.5,,,,,,,,,,1,1,0,0,1,0,1,1,1,0,,,,,,,,,,,,,,11,137,4
e9jw781c6q,2024-08-07T09:52:50-04:00,1_CONF,Case3,1_T1,1_SC,2,14,7,,,,,,,,,,1,1,0,1,1,0,1,1,1,0,,,,,,,,,,,,,,14,138,5
mexvv32614,2024-10-15T12:29:24-04:00,2_IOA,Case3,1_T1,1_SC,2,14,,,,,,,,,,,,,,,,,,,,,,1,1,0,0,1,0,1,1,1,0,,49,,138,5
8vur3c0n9e,2024-10-15T12:30:42-04:00,2_IOA,Case3,1_T1,1_SC,2,17,,,,,,,,,,,,,,,,,,,,,,0,1,0,0,1,1,0,1,1,0,,50,,139,6
9u24ug994x,2024-08-07T09:56:24-04:00,1_CONF,Case3,1_T1,1_SC,2,17,8.5,,,,,,,,,,1,1,1,1,1,1,0,1,1,0,,,,,,,,,,,,,,17,139,6
g1p4exdh69,2024-08-07T10:00:33-04:00,1_CONF,Case3,1_T1,1_SC,2,20,10,,,,,,,,,,1,1,1,1,1,1,1,1,1,1,I complied **Addressed 2024.09.16**,,,,,,,,,,,,,20,140,7
hrdysp4y71,2024-10-15T12:32:36-04:00,2_IOA,Case3,1_T1,1_SC,2,20,,,,,,,,,,,,,,,,,,,,,,0,1,1,1,1,1,0,1,1,0,,51,,140,7
lihoshct35,2024-08-07T10:04:05-04:00,1_CONF,Case3,1_T1,1_SC,2,23,11.5,,,,,,,,,,1,1,1,1,1,1,1,1,1,0,,,,,,,,,,,,,,23,141,8
lqhfah8avf,2024-10-15T12:34:41-04:00,2_IOA,Case3,1_T1,1_SC,2,23,,,,,,,,,,,,,,,,,,,,,,0,1,0,0,1,1,1,1,1,0,,52,,141,8
2qbu30g72z,2024-10-15T12:36:40-04:00,2_IOA,Case4,5_RTB,0_AC,2,1,,,,,,,,,,,,,,,,,,,,,,1,1,1,1,1,1,1,1,1,0,,,,142,
ydcxk6f2tw,2024-08-16T09:15:07-04:00,1_CONF,Case4,5_RTB,0_AC,2,1,0.5,,,,,,,,,,1,1,1,1,1,1,1,1,1,,,,,,,,,,,,,,,,142,
jnxcja4xzt,2024-10-15T12:38:34-04:00,2_IOA,Case4,5_RTB,0_AC,2,2,,,,,,,,,,,,,,,,,,,,,,1,1,1,1,1,1,1,1,1,0,,,,143,
vlkta0y9ks,2024-08-16T09:16:59-04:00,1_CONF,Case4,5_RTB,0_AC,2,2,1,,,,,,,,,,1,1,1,1,1,1,1,1,1,0,,,,,,,,,,,,,,,143,
9pp3uuy11f,2024-10-15T12:39:31-04:00,2_IOA,Case4,5_RTB,0_AC,2,3,,,,,,,,,,,,,,,,,,,,,,1,1,1,1,1,1,1,1,1,0,,,,144,
kv07tghq0x,2024-08-16T09:18:00-04:00,1_CONF,Case4,5_RTB,0_AC,2,3,1.5,,,,,,,,,,1,1,1,1,1,1,1,1,1,0,,,,,,,,,,,,,,,144,
0mor6ievy3,2024-08-09T09:17:44-04:00,1_CONF,Case2,2_T2,1_SC,3,11,5.5,,,,,,,,,,1,1,1,1,1,0,1,1,1,0,,,,,,,,,,,,,,90,,
0pdyum6h4a,2024-08-08T10:10:24-04:00,0_CARE,Case1,2_T2,1_SC,3,4,2,,,1,1,1,,,,,,,,,,,,,,,,,,,,,,,,,,,4,53,,12
0qq8ihmana,2024-08-09T09:08:31-04:00,0_CARE,Case2,2_T2,1_SC,3,2,1,,,1,1,1,,,,,,,,,,,,,,,,,,,,,,,,,,,,81,,
0v2i39o502,2024-08-07T10:06:03-04:00,0_CARE,Case3,1_T1,1_SC,2,25,12.5,1,1,,,,0,1,1,1,,,,,,,,,,,,,,,,,,,,,,,,25,,
122bmjl8z9,2024-08-07T12:54:01-04:00,1_CONF,Case1,1_T1,1_SC,2,7,3.5,,,,,,,,,,1,1,0,1,1,1,1,1,0,0,,,,,,,,,,,,,,38,,
190h0sg5zi,2024-08-13T09:54:05-04:00,0_CARE,Case2,3_T3,1_SC,4,7,3,1,1,1,1,1,1,1,1,1,,,,,,,,,,,,,,,,,,,,,,,,109,,
1a1g5bddgm,2024-08-08T10:40:46-04:00,0_CARE,Case1,2_T2,1_SC,3,25,12.5,,,1,1,1,,,,,,,,,,,,,,,,,,,,,,,,,,,25,74,,33
1bx298n6re,2024-08-15T09:22:34-04:00,0_CARE,Case1,3_T3,1_SC,5,5,2.5,1,1,1,1,1,1,1,1,1,,,,,,,,,,,,,,,,,,,,,,,,127,,
1m1qkzerov,2024-08-09T09:07:39-04:00,1_CONF,Case2,2_T2,1_SC,3,1,0.5,,,,,,,,,,1,1,1,1,1,0,1,1,1,0,,,,,,,,,,,,,,80,,
1o43knm15a,2024-08-13T09:03:05-04:00,1_CONF,Case3,2_T2,1_SC,3,5,2.5,,,,,,,,,,1,1,1,1,1,1,1,1,1,0,,,,,,,,,,,,,,101,,
265y3yc7ii,2024-08-07T09:49:52-04:00,1_CONF,Case3,1_T1,1_SC,2,12,6,,,,,,,,,,1,1,1,1,1,1,1,1,0,0,,,,,,,,,,,,,,12,,
280ri7agrw,2024-08-07T12:46:10-04:00,1_CONF,Case1,1_T1,1_SC,2,2,1,,,,,,,,,,1,1,0,0,1,1,1,1,1,0,,,,,,,,,,,,,,34,,
28pb47eho7,2024-08-07T09:45:14-04:00,0_CARE,Case3,1_T1,1_SC,2,8,4,1,1,,,,0,1,1,1,,,,,,,,,,,,,,,,,,,,,,,,8,,
2bfyuggo1e,2024-08-07T10:06:50-04:00,1_CONF,Case3,1_T1,1_SC,2,26,13,,,,,,,,,,1,1,1,1,1,1,1,1,1,0,,,,,,,,,,,,,,26,,
2dmnosc3or,2024-08-08T10:12:15-04:00,0_CARE,Case1,2_T2,1_SC,3,5,2.5,,,1,1,1,,,,,,,,,,,,,,,,,,,,,,,,,,,5,54,,13
2g9vpmc1s4,2024-08-15T09:23:25-04:00,0_CARE,Case1,3_T3,1_SC,5,6,3,1,1,1,1,1,1,1,1,1,,,,,,,,,,,,,,,,,,,,,,,,128,,
2ihhrtz5xp,2024-08-07T12:51:20-04:00,1_CONF,Case1,1_T1,1_SC,2,5,2.5,,,,,,,,,,1,1,0,0,1,0,0,0,1,1,Had to restart caregiver guide **Addressed 2024.09.16**,,,,,,,,,,,,,36,,
2r8rdssg9b,2024-08-08T10:16:41-04:00,0_CARE,Case1,2_T2,1_SC,3,9,4.5,,,1,1,1,,,,,,,,,,,,,,,,,,,,,,,,,,,9,58,,17
2wun2e4ikf,2024-08-08T10:14:27-04:00,0_CARE,Case1,2_T2,1_SC,3,7,3.5,,,1,1,1,,,,,,,,,,,,,,,,,,,,,,,,,,,7,56,,15
31e1dv8c0m,2024-08-13T09:01:32-04:00,1_CONF,Case3,2_T2,1_SC,3,3,1.5,,,,,,,,,,1,1,1,1,1,0,1,1,1,0,,,,,,,,,,,,,,99,,
3ah2qrd08p,2024-08-09T09:15:07-04:00,1_CONF,Case2,2_T2,1_SC,3,9,4.5,,,,,,,,,,1,1,1,1,1,0,1,1,1,0,,,,,,,,,,,,,,88,,
3ft6sudajf,2024-08-07T09:42:24-04:00,0_CARE,Case3,1_T1,1_SC,2,6,3,1,1,,,,1,1,1,1,,,,,,,,,,,,,,,,,,,,,,,,6,,
40ak3djufz,2024-08-07T09:37:24-04:00,1_CONF,Case3,1_T1,1_SC,2,2,1,,,,,,,,,,1,1,0,0,1,1,0,1,0,0,,,,,,,,,,,,,,2,,
416zc67iv5,2024-08-09T10:36:11-04:00,1_CONF,Case1,2_T2,1_SC,4,2,1,,,,,,,,,,1,1,1,1,1,1,1,1,1,0,,,,,,,,,,,,,,93,,
45q4d9w8ey,2024-08-07T12:44:53-04:00,1_CONF,Case1,1_T1,1_SC,2,1,0.5,,,,,,,,,,1,1,1,1,1,0,1,1,1,0,,,,,,,,,,,,,,33,,
47wjgw3msn,2024-08-07T10:02:06-04:00,1_CONF,Case3,1_T1,1_SC,2,21,10.5,,,,,,,,,,1,1,1,1,1,0,1,1,1,1,,,,,,,,,,,,,,21,,
4ai1otljxf,2024-08-09T10:38:05-04:00,1_CONF,Case1,2_T2,1_SC,4,4,2,,,,,,,,,,1,0,1,1,1,1,1,1,1,0,,,,,,,,,,,,,,95,,
4mceyasf8e,2024-08-09T10:36:54-04:00,0_CARE,Case1,2_T2,1_SC,4,3,1.5,,,1,1,1,,,,,,,,,,,,,,,,,,,,,,,,,,,,94,,
4owdxidw7h,2024-08-07T13:02:27-04:00,1_CONF,Case1,1_T1,1_SC,2,13,6.5,,,,,,,,,,1,1,0,1,0,0,1,1,1,0,,,,,,,,,,,,,,44,,
4tmt7tp8k9,2024-08-07T11:35:36-04:00,1_CONF,Case2,1_T1,1_SC,2,2,1,,,,,,,,,,1,1,1,1,1,1,1,1,1,0,,,,,,,,,,,,,,28,,
5kppsokdd1,2024-08-09T10:36:07-04:00,0_CARE,Case1,2_T2,1_SC,4,2,1,,,1,1,1,,,,,,,,,,,,,,,,,,,,,,,,,,,,93,,
5lucgzh833,2024-08-08T10:45:33-04:00,0_CARE,Case1,2_T2,1_SC,3,29,14.5,,,1,1,1,,,,,,,,,,,,,,,,,,,,,,,,,,,29,78,,37
5zwvb1r8ht,2024-08-14T09:08:37-04:00,0_CARE,Case3,3_T3,1_SC,4,9,4.5,1,1,1,1,1,0,1,1,1,,,,,,,,,,,,,,,,,,,,,,,38,119,,49
64rb2otz2n,2024-08-07T09:47:31-04:00,0_CARE,Case3,1_T1,1_SC,2,10,5,1,1,,,,1,1,1,1,,,,,,,,,,,,,,,,,,,,,,,,10,,
66ecwnierd,2024-08-14T09:03:03-04:00,0_CARE,Case3,3_T3,1_SC,4,3,1.5,1,1,1,1,1,1,1,1,1,,,,,,,,,,,,,,,,,,,,,,,33,113,,44
6g3o8upj3g,2024-08-13T09:50:43-04:00,1_CONF,Case2,3_T3,1_SC,4,4,2,,,,,,,,,,1,1,1,1,1,0,1,1,1,0,,,,,,,,,,,,,,106,,
6gerjlplxb,2024-08-07T10:03:04-04:00,0_CARE,Case3,1_T1,1_SC,2,22,11,1,1,,,,1,1,1,1,,,,,,,,,,,,,,,,,,,,,,,,22,,
6i9ei5keqi,2024-08-07T10:00:23-04:00,0_CARE,Case3,1_T1,1_SC,2,20,10,1,1,,,,1,1,1,1,,,,,,,,,,,,,,,,,,,,,,,51,20,,7
6jyz2f2iw0,2024-08-09T09:17:34-04:00,0_CARE,Case2,2_T2,1_SC,3,11,5.5,,,1,1,1,,,,,,,,,,,,,,,,,,,,,,,,,,,,90,,
6k8sjxycjs,2024-08-09T10:38:01-04:00,0_CARE,Case1,2_T2,1_SC,4,4,2,,,1,1,1,,,,,,,,,,,,,,,,,,,,,,,,,,,,95,,
6m6vsa6s4f,2024-08-09T09:12:21-04:00,0_CARE,Case2,2_T2,1_SC,3,6,3,,,1,1,1,,,,,,,,,,,,,,,,,,,,,,,,,,,,85,,
6pgjlig23z,2024-08-08T10:24:44-04:00,0_CARE,Case1,2_T2,1_SC,3,15,7.5,,,1,1,1,,,,,,,,,,,,,,,,,,,,,,,,,,,15,64,,23
78t6tg7gtu,2024-08-13T09:49:53-04:00,1_CONF,Case2,3_T3,1_SC,4,3,1.5,,,,,,,,,,1,1,1,1,1,1,1,1,1,0,,,,,,,,,,,,,,105,,
7a7lq1imeb,2024-08-07T13:00:59-04:00,1_CONF,Case1,1_T1,1_SC,2,12,6,,,,,,,,,,1,1,0,1,1,0,0,0,1,0,,,,,,,,,,,,,,43,,
7aqf14yysn,2024-08-07T13:04:48-04:00,0_CARE,Case1,1_T1,1_SC,2,15,7.5,1,1,,,,1,1,1,1,,,,,,,,,,,,,,,,,,,,,,,,46,,
7e9kq33mlo,2024-08-07T09:47:37-04:00,1_CONF,Case3,1_T1,1_SC,2,10,5,,,,,,,,,,1,1,0,1,1,1,1,1,0,0,,,,,,,,,,,,,,10,,
81dosdzuc6,2024-08-09T09:16:43-04:00,1_CONF,Case2,2_T2,1_SC,3,10,5,,,,,,,,,,1,1,1,1,1,1,1,1,1,0,,,,,,,,,,,,,,89,,
8gqe0yx6i3,2024-08-07T12:55:07-04:00,0_CARE,Case1,1_T1,1_SC,2,8,4,1,1,,,,1,1,1,1,,,,,,,,,,,,,,,,,,,,,,,,39,,
8pixojvecd,2024-08-13T09:03:49-04:00,0_CARE,Case3,2_T2,1_SC,3,6,3,,,1,1,1,,,,,,,,,,,,,,,,,,,,,,,,,,,44,102,,41
8r6lv291ff,2024-08-07T09:38:48-04:00,1_CONF,Case3,1_T1,1_SC,2,3,1.5,,,,,,,,,,1,1,0,1,1,1,0,1,0,0,,,,,,,,,,,,,,3,,
8wh84yaf60,2024-08-07T09:41:15-04:00,1_CONF,Case3,1_T1,1_SC,2,5,2.5,,,,,,,,,,1,1,0,1,1,0,1,1,1,0,,,,,,,,,,,,,,5,,
8x99vdjc9y,2024-08-08T10:19:57-04:00,0_CARE,Case1,2_T2,1_SC,3,12,6,,,1,1,1,,,,,,,,,,,,,,,,,,,,,,,,,,,12,61,,20
91eb9487kp,2024-08-09T09:14:12-04:00,0_CARE,Case2,2_T2,1_SC,3,8,4,,,1,1,1,,,,,,,,,,,,,,,,,,,,,,,,,,,,87,,
9b5uesrnaw,2024-08-07T13:05:54-04:00,1_CONF,Case1,1_T1,1_SC,2,16,8,,,,,,,,,,1,1,0,0,1,0,1,1,1,0,,,,,,,,,,,,,,47,,
9di50wq15n,2024-08-14T09:06:07-04:00,0_CARE,Case3,3_T3,1_SC,4,6,3,1,1,1,1,1,0,1,1,1,,,,,,,,,,,,,,,,,,,,,,,36,116,,47
9dxbve0802,2024-08-09T09:09:23-04:00,0_CARE,Case2,2_T2,1_SC,3,3,1.5,,,1,1,1,,,,,,,,,,,,,,,,,,,,,,,,,,,,82,,
9fawc06387,2024-08-07T12:46:12-04:00,0_CARE,Case1,1_T1,1_SC,2,2,1,1,1,,,,1,1,1,1,,,,,,,,,,,,,,,,,,,,,,,,34,,
9jris48ng4,2024-08-08T10:28:06-04:00,0_CARE,Case1,2_T2,1_SC,3,18,9,,,1,1,1,,,,,,,,,,,,,,,,,,,,,,,,,,,18,67,,26
9lpvslr0d4,2024-08-07T13:05:52-04:00,0_CARE,Case1,1_T1,1_SC,2,16,8,1,1,,,,1,1,1,1,,,,,,,,,,,,,,,,,,,,,,,,47,,
9s2fbspgnb,2024-08-09T10:38:57-04:00,1_CONF,Case1,2_T2,1_SC,4,5,2.5,,,,,,,,,,1,1,1,1,1,0,1,1,1,0,,,,,,,,,,,,,,96,,
9tqvddipvs,2024-08-13T09:48:55-04:00,1_CONF,Case2,3_T3,1_SC,4,2,1,,,,,,,,,,1,1,1,1,1,1,1,0,1,1,"Participant, accidently advanced the trial without self monitoring??? **Addressed 2024.09.16**",,,,,,,,,,,,,104,,
9wu7i8iclo,2024-08-13T09:02:19-04:00,0_CARE,Case3,2_T2,1_SC,3,4,2,,,1,1,1,,,,,,,,,,,,,,,,,,,,,,,,,,,43,100,,40
9xggbf71pt,2024-08-08T10:25:57-04:00,0_CARE,Case1,2_T2,1_SC,3,16,8,,,1,1,1,,,,,,,,,,,,,,,,,,,,,,,,,,,16,65,,24
acoda2l9sc,2024-08-13T09:51:54-04:00,0_CARE,Case2,3_T3,1_SC,4,5,2,1,1,1,1,1,1,1,1,1,,,,,,,,,,,,,,,,,,,,,,,,107,,
asaiklcoyp,2024-08-09T09:16:40-04:00,0_CARE,Case2,2_T2,1_SC,3,10,5,,,1,1,1,,,,,,,,,,,,,,,,,,,,,,,,,,,,89,,
aucaxt5gqq,2024-08-07T09:59:28-04:00,1_CONF,Case3,1_T1,1_SC,2,19,9.5,,,,,,,,,,1,1,0,1,1,1,1,1,1,1,Identified use of task specific,,,,,,,,,,,,,19,,
aynncxlb59,2024-08-07T09:56:22-04:00,0_CARE,Case3,1_T1,1_SC,2,17,8.5,1,1,,,,1,1,1,1,,,,,,,,,,,,,,,,,,,,,,,50,17,,6
b2yqtkzpa7,2024-08-08T10:33:58-04:00,0_CARE,Case1,2_T2,1_SC,3,19,9.5,,,1,1,1,,,,,,,,,,,,,,,,,,,,,,,,,,,19,68,,27
bhzp6b8rix,2024-08-07T11:37:16-04:00,0_CARE,Case2,1_T1,1_SC,2,3,1.5,1,1,,,,1,1,1,1,,,,,,,,,,,,,,,,,,,,,,,,29,,
blj1ft9g6a,2024-08-07T12:58:36-04:00,0_CARE,Case1,1_T1,1_SC,2,10,5,1,1,,,,1,1,1,1,,,,,,,,,,,,,,,,,,,,,,,,41,,
bot3drnm3i,2024-08-07T11:33:36-04:00,1_CONF,Case2,1_T1,1_SC,2,1,0.5,,,,,,,,,,1,1,1,1,1,0,1,1,1,0,,,,,,,,,,,,,,27,,
brtaudln5y,2024-08-07T12:57:29-04:00,1_CONF,Case1,1_T1,1_SC,2,9,4.5,,,,,,,,,,1,1,0,0,0,1,0,1,1,1,Prompted to place in hand.,,,,,,,,,,,,,40,,
c6ctz66g56,2024-08-07T12:56:43-04:00,0_CARE,Case1,1_T1,1_SC,2,9,4.5,1,1,,,,1,1,1,1,,,,,,,,,,,,,,,,,,,,,,,,40,,
c7trp6h1on,2024-08-15T09:20:53-04:00,0_CARE,Case1,3_T3,1_SC,5,3,1.5,1,1,1,1,1,1,1,1,1,,,,,,,,,,,,,,,,,,,,,,,,125,,
cn88ay3usm,2024-08-07T12:52:29-04:00,0_CARE,Case1,1_T1,1_SC,2,6,3,1,1,,,,1,1,1,1,,,,,,,,,,,,,,,,,,,,,,,,37,,
d5unjrtt0i,2024-08-13T09:54:51-04:00,1_CONF,Case2,3_T3,1_SC,4,8,4,,,,,,,,,,1,1,1,1,1,0,1,1,1,0,,,,,,,,,,,,,,110,,
db92133qdh,2024-08-07T09:43:48-04:00,0_CARE,Case3,1_T1,1_SC,2,7,3.5,1,1,,,,1,1,1,1,,,,,,,,,,,,,,,,,,,,,,,47,7,,3
df2gkwblbx,2024-08-08T10:42:07-04:00,0_CARE,Case1,2_T2,1_SC,3,26,13,,,1,1,1,,,,,,,,,,,,,,,,,,,,,,,,,,,26,75,,34
dpi1l0y4v4,2024-08-07T09:48:42-04:00,0_CARE,Case3,1_T1,1_SC,2,11,5.5,1,1,,,,0,1,1,1,,,,,,,,,,,,,,,,,,,,,,,48,11,,4
dryhawmu93,2024-08-13T09:52:46-04:00,0_CARE,Case2,3_T3,1_SC,4,6,2.5,1,1,1,1,1,1,1,1,1,,,,,,,,,,,,,,,,,,,,,,,,108,,
e2xpk6uyea,2024-08-07T09:36:16-04:00,0_CARE,Case3,1_T1,1_SC,2,1,0.5,1,1,,,,0,1,1,1,,,,,,,,,,,,,,,,,,,,,,,45,1,,1
e9j5fp5vc9,2024-08-07T09:45:12-04:00,1_CONF,Case3,1_T1,1_SC,2,8,4,,,,,,,,,,1,1,0,0,1,0,1,1,1,0,,,,,,,,,,,,,,8,,
eelkwu9bs6,2024-08-15T09:21:36-04:00,1_CONF,Case1,3_T3,1_SC,5,4,2,,,,,,,,,,1,1,1,1,1,0,1,1,1,0,,,,,,,,,,,,,,126,,
ep2dy3ktvg,2024-08-07T12:53:42-04:00,0_CARE,Case1,1_T1,1_SC,2,7,3.5,1,1,,,,1,1,1,1,,,,,,,,,,,,,,,,,,,,,,,,38,,
erudaj2unx,2024-08-09T09:07:39-04:00,0_CARE,Case2,2_T2,1_SC,3,1,0.5,,,1,1,1,,,,,,,,,,,,,,,,,,,,,,,,,,,,80,,
ex7zhhy4hk,2024-08-13T09:00:40-04:00,0_CARE,Case3,2_T2,1_SC,3,2,1,,,1,1,1,,,,,,,,,,,,,,,,,,,,,,,,,,,,98,,
f15kp3ycdz,2024-08-08T10:17:48-04:00,0_CARE,Case1,2_T2,1_SC,3,10,5,,,1,1,1,,,,,,,,,,,,,,,,,,,,,,,,,,,10,59,,18
f35hc504yx,2024-08-07T12:59:54-04:00,1_CONF,Case1,1_T1,1_SC,2,11,5.5,,,,,,,,,,1,1,0,0,1,1,1,1,1,0,,,,,,,,,,,,,,42,,
fgqce5q409,2024-08-09T09:13:20-04:00,1_CONF,Case2,2_T2,1_SC,3,7,3.5,,,,,,,,,,1,1,1,1,1,1,1,1,1,0,,,,,,,,,,,,,,86,,
fraw8xfwmz,2024-08-09T09:14:13-04:00,1_CONF,Case2,2_T2,1_SC,3,8,4,,,,,,,,,,1,1,1,1,1,0,1,1,1,0,,,,,,,,,,,,,,87,,
fs87q3s1ty,2024-08-07T10:03:04-04:00,1_CONF,Case3,1_T1,1_SC,2,22,11,,,,,,,,,,1,1,1,1,1,1,1,1,1,0,,,,,,,,,,,,,,22,,
ghmv00nmh9,2024-08-07T09:54:16-04:00,1_CONF,Case3,1_T1,1_SC,2,15,7.5,,,,,,,,,,1,1,1,1,1,1,1,1,1,0,,,,,,,,,,,,,,15,,
gju9tbgqm9,2024-08-13T09:00:39-04:00,1_CONF,Case3,2_T2,1_SC,3,2,1,,,,,,,,,,1,1,1,1,1,0,1,1,1,1,,,,,,,,,,,,,,98,,
goxj844x7b,2024-08-09T09:13:19-04:00,0_CARE,Case2,2_T2,1_SC,3,7,3.5,,,1,1,1,,,,,,,,,,,,,,,,,,,,,,,,,,,,86,,
gsywb0y6iu,2024-08-07T12:59:48-04:00,0_CARE,Case1,1_T1,1_SC,2,11,5.5,1,1,,,,1,1,1,1,,,,,,,,,,,,,,,,,,,,,,,,42,,
guyh9dm7u2,2024-08-14T09:10:05-04:00,0_CARE,Case3,3_T3,1_SC,4,11,5.5,1,1,1,1,1,1,1,1,1,,,,,,,,,,,,,,,,,,,,,,,40,121,,51
gy4luaerp0,2024-08-09T09:11:28-04:00,0_CARE,Case2,2_T2,1_SC,3,5,2.5,,,1,1,1,,,,,,,,,,,,,,,,,,,,,,,,,,,,84,,
hinc6hwof3,2024-08-08T10:21:39-04:00,0_CARE,Case1,2_T2,1_SC,3,13,6.5,,,1,1,1,,,,,,,,,,,,,,,,,,,,,,,,,,,13,62,,21
hr9aj4gu90,2024-08-09T10:37:01-04:00,1_CONF,Case1,2_T2,1_SC,4,3,1.5,,,,,,,,,,1,1,1,1,1,0,1,1,1,0,,,,,,,,,,,,,,94,,
hvtgkv9fld,2024-08-07T12:58:43-04:00,1_CONF,Case1,1_T1,1_SC,2,10,5,,,,,,,,,,1,1,0,0,1,0,1,1,1,0,,,,,,,,,,,,,,41,,
hwwu0nyltn,2024-08-13T09:47:04-04:00,1_CONF,Case2,3_T3,1_SC,4,1,0.5,,,,,,,,,,1,1,1,1,1,0,1,1,1,1,I made Reference to no comply,,,,,,,,,,,,,103,,
i84nj8dpwb,2024-08-15T09:19:40-04:00,1_CONF,Case1,3_T3,1_SC,5,2,1,,,,,,,,,,1,1,1,1,1,0,1,1,1,0,,,,,,,,,,,,,,124,,
iawuqhau3a,2024-08-07T13:03:35-04:00,1_CONF,Case1,1_T1,1_SC,2,14,7,,,,,,,,,,1,1,0,0,1,1,1,1,1,0,,,,,,,,,,,,,,45,,
ibwmzvdmu9,2024-08-14T09:09:18-04:00,0_CARE,Case3,3_T3,1_SC,4,10,5,1,1,1,1,1,1,1,1,1,,,,,,,,,,,,,,,,,,,,,,,39,120,,50
itxw4jrm38,2024-08-07T09:37:10-04:00,0_CARE,Case3,1_T1,1_SC,2,2,1,1,1,,,,1,1,1,1,,,,,,,,,,,,,,,,,,,,,,,,2,,
iurux4d8kk,2024-08-09T09:09:34-04:00,1_CONF,Case2,2_T2,1_SC,3,3,1.5,,,,,,,,,,1,1,1,1,1,0,1,1,1,0,,,,,,,,,,,,,,82,,
ixqbg88c9g,2024-08-14T09:03:52-04:00,0_CARE,Case3,3_T3,1_SC,4,4,2,1,1,1,1,1,0,1,1,1,,,,,,,,,,,,,,,,,,,,,,,34,114,,45
j9owpe9u4u,2024-08-15T09:22:25-04:00,1_CONF,Case1,3_T3,1_SC,5,5,2.5,,,,,,,,,,1,1,1,1,1,0,1,1,1,0,,,,,,,,,,,,,,127,,
jbq12keg6e,2024-08-07T10:04:08-04:00,0_CARE,Case3,1_T1,1_SC,2,23,11.5,1,1,,,,1,1,1,1,,,,,,,,,,,,,,,,,,,,,,,52,23,,8
jv9wyewjup,2024-08-07T09:52:50-04:00,0_CARE,Case3,1_T1,1_SC,2,14,7,1,1,,,,0,1,1,1,,,,,,,,,,,,,,,,,,,,,,,49,14,,5
k7eqgjr1qd,2024-08-08T10:07:09-04:00,0_CARE,Case1,2_T2,1_SC,3,1,0.5,,,1,1,1,,,,,,,,,,,,,,,,,,,,,,,,,,,1,50,,9
knmqioic3b,2024-08-15T09:19:56-04:00,0_CARE,Case1,3_T3,1_SC,5,2,1,1,1,1,1,1,0,1,1,1,,,,,,,,,,,,,,,,,,,,,,,,124,,
krfupqhwjb,2024-08-13T09:55:01-04:00,0_CARE,Case2,3_T3,1_SC,4,8,3.5,1,1,1,1,1,1,1,1,1,,,,,,,,,,,,,,,,,,,,,,,,110,,
l0dry5jou9,2024-08-07T09:59:11-04:00,0_CARE,Case3,1_T1,1_SC,2,19,9.5,1,1,,,,1,1,1,1,,,,,,,,,,,,,,,,,,,,,,,,19,,
l5f65rcabc,2024-08-08T10:44:33-04:00,0_CARE,Case1,2_T2,1_SC,3,28,14,,,1,1,1,,,,,,,,,,,,,,,,,,,,,,,,,,,28,77,,36
l5j7rvaheg,2024-08-08T10:15:39-04:00,0_CARE,Case1,2_T2,1_SC,3,8,4,,,1,1,1,,,,,,,,,,,,,,,,,,,,,,,,,,,8,57,,16
layupsyiw7,2024-08-15T09:18:58-04:00,0_CARE,Case1,3_T3,1_SC,5,1,0.5,1,1,1,1,1,1,1,1,1,,,,,,,,,,,,,,,,,,,,,,,,123,,
lf2fqwj8vs,2024-08-07T13:03:31-04:00,0_CARE,Case1,1_T1,1_SC,2,14,7,1,1,,,,1,1,1,1,,,,,,,,,,,,,,,,,,,,,,,,45,,
lfqkx1p8ft,2024-08-13T09:52:51-04:00,1_CONF,Case2,3_T3,1_SC,4,6,3,,,,,,,,,,1,1,1,1,1,0,1,1,1,1,Reference to no behavior quiet. I did,,,,,,,,,,,,,108,,
lhit1i4fo9,2024-08-07T10:05:00-04:00,1_CONF,Case3,1_T1,1_SC,2,24,12,,,,,,,,,,1,1,1,1,1,0,1,1,1,0,,,,,,,,,,,,,,24,,
lo14zq7949,2024-08-07T09:51:35-04:00,0_CARE,Case3,1_T1,1_SC,2,13,6.5,1,1,,,,1,1,1,1,,,,,,,,,,,,,,,,,,,,,,,,13,,
m8uvqwnkrw,2024-08-07T09:57:25-04:00,1_CONF,Case3,1_T1,1_SC,2,18,9,,,,,,,,,,1,1,1,1,1,0,1,1,1,0,,,,,,,,,,,,,,18,,
mgf1oxau16,2024-08-07T11:39:26-04:00,1_CONF,Case2,1_T1,1_SC,2,5,2.5,,,,,,,,,,1,1,1,1,1,0,1,1,1,0,,,,,,,,,,,,,,31,,
mh2e79hmam,2024-08-07T12:47:24-04:00,1_CONF,Case1,1_T1,1_SC,2,3,1.5,,,,,,,,,,1,1,0,0,1,0,0,0,1,0,,,,,,,,,,,,,,35,,
mj3xvo3fg6,2024-08-07T11:37:03-04:00,1_CONF,Case2,1_T1,1_SC,2,3,1.5,,,,,,,,,,1,1,1,1,1,1,1,1,1,0,,,,,,,,,,,,,,29,,
mlqxvlctuh,2024-08-07T09:54:11-04:00,0_CARE,Case3,1_T1,1_SC,2,15,7.5,1,1,,,,1,1,1,1,,,,,,,,,,,,,,,,,,,,,,,,15,,
mof6vyp5qk,2024-08-07T10:05:12-04:00,0_CARE,Case3,1_T1,1_SC,2,24,12,1,1,,,,0,1,1,1,,,,,,,,,,,,,,,,,,,,,,,,24,,
mtoiot0mlo,2024-08-07T11:40:29-04:00,1_CONF,Case2,1_T1,1_SC,2,6,3,,,,,,,,,,1,1,1,1,1,1,1,1,1,0,,,,,,,,,,,,,,32,,
n1tmf8xdlh,2024-08-08T10:46:15-04:00,0_CARE,Case1,2_T2,1_SC,3,30,15,,,1,0,1,,,,,,,,,,,,,,,,,,,,,,,,,,,30,79,,38
na3xhyfjq0,2024-08-14T09:10:52-04:00,0_CARE,Case3,3_T3,1_SC,4,12,6,1,1,1,1,1,0,1,1,1,,,,,,,,,,,,,,,,,,,,,,,41,122,,52
nkh50lx8bx,2024-08-07T10:01:44-04:00,0_CARE,Case3,1_T1,1_SC,2,21,10.5,1,1,,,,1,1,1,1,,,,,,,,,,,,,,,,,,,,,,,,21,,
noqxhyk78f,2024-08-07T11:38:11-04:00,1_CONF,Case2,1_T1,1_SC,2,4,2,,,,,,,,,,1,1,1,1,1,0,1,1,1,0,,,,,,,,,,,,,,30,,
nqzlgfxx1e,2024-08-07T09:55:18-04:00,1_CONF,Case3,1_T1,1_SC,2,16,8,,,,,,,,,,1,1,1,1,1,0,1,1,1,0,,,,,,,,,,,,,,16,,
o06mztpbx5,2024-08-07T09:38:51-04:00,0_CARE,Case3,1_T1,1_SC,2,3,1.5,1,1,,,,1,1,1,1,,,,,,,,,,,,,,,,,,,,,,,,3,,
o37jreo054,2024-08-07T12:51:03-04:00,0_CARE,Case1,1_T1,1_SC,2,5,2.5,1,1,,,,1,1,1,1,,,,,,,,,,,,,,,,,,,,,,,,36,,
o4tal0rc4n,2024-08-14T09:06:54-04:00,1_CONF,Case3,3_T3,1_SC,4,7,3.5,,,,,,,,,,1,1,1,1,1,0,1,1,1,0,,,,,,,,,,,,,,117,,48
odey4rb8ki,2024-08-07T11:35:50-04:00,0_CARE,Case2,1_T1,1_SC,2,2,1,1,1,,,,1,1,1,1,,,,,,,,,,,,,,,,,,,,,,,,28,,
oxtkhpea58,2024-08-08T10:37:44-04:00,0_CARE,Case1,2_T2,1_SC,3,23,11.5,,,1,0,1,,,,,,,,,,,,,,,,,,,,,,,,,,,23,72,,31
pkrx6si17k,2024-08-13T09:01:24-04:00,0_CARE,Case3,2_T2,1_SC,3,3,1.5,,,1,1,1,,,,,,,,,,,,,,,,,,,,,,,,,,,,99,,
pkzpxxj2fl,2024-08-09T09:08:34-04:00,1_CONF,Case2,2_T2,1_SC,3,2,1,,,,,,,,,,1,1,1,1,1,1,1,1,1,0,,,,,,,,,,,,,,81,,
pnivt4y7d8,2024-08-07T11:34:38-04:00,0_CARE,Case2,1_T1,1_SC,2,1,0.5,1,1,,,,1,1,1,1,,,,,,,,,,,,,,,,,,,,,,,,27,,
ppjmtwz8m8,2024-08-08T10:08:13-04:00,0_CARE,Case1,2_T2,1_SC,3,2,1,,,1,1,1,,,,,,,,,,,,,,,,,,,,,,,,,,,2,51,,10
q06bh3bc90,2024-08-07T13:08:06-04:00,1_CONF,Case1,1_T1,1_SC,2,18,9,,,,,,,,,,1,1,0,0,1,0,1,1,1,0,,,,,,,,,,,,,,49,,
qao6a1by8c,2024-08-08T10:38:45-04:00,0_CARE,Case1,2_T2,1_SC,3,24,12,,,1,1,1,,,,,,,,,,,,,,,,,,,,,,,,,,,24,73,,32
qix107791i,2024-08-07T12:52:28-04:00,1_CONF,Case1,1_T1,1_SC,2,6,3,,,,,,,,,,1,1,0,0,1,1,1,1,1,0,,,,,,,,,,,,,,37,,
qzb5wd74ef,2024-08-07T11:40:45-04:00,0_CARE,Case2,1_T1,1_SC,2,6,3,1,1,,,,1,1,1,1,,,,,,,,,,,,,,,,,,,,,,,,32,,
ridf1c4523,2024-08-07T12:47:23-04:00,0_CARE,Case1,1_T1,1_SC,2,3,1.5,1,1,,,,1,1,1,1,,,,,,,,,,,,,,,,,,,,,,,,35,,
ry7d39loyt,2024-08-09T09:10:33-04:00,0_CARE,Case2,2_T2,1_SC,3,4,2,,,1,1,1,,,,,,,,,,,,,,,,,,,,,,,,,,,,83,,
s3sqtwfzej,2024-08-13T09:47:04-04:00,0_CARE,Case2,3_T3,1_SC,4,1,0.5,1,1,1,1,1,1,1,1,1,,,,,,,,,,,,,,,,,,,,,,,,103,,
s4jsuyllfb,2024-08-07T12:55:15-04:00,1_CONF,Case1,1_T1,1_SC,2,8,4,,,,,,,,,,1,1,0,0,1,0,0,0,0,0,,,,,,,,,,,,,,39,,
s90dxx6k2z,2024-08-08T10:34:57-04:00,0_CARE,Case1,2_T2,1_SC,3,20,10,,,1,1,1,,,,,,,,,,,,,,,,,,,,,,,,,,,20,69,,28
s994g7q0au,2024-08-13T09:50:57-04:00,0_CARE,Case2,3_T3,1_SC,4,4,1.5,1,1,1,1,1,1,1,1,1,,,,,,,,,,,,,,,,,,,,,,,,106,,
sdjs9nutpu,2024-08-13T09:49:55-04:00,0_CARE,Case2,3_T3,1_SC,4,3,1,1,1,1,1,1,1,1,1,1,,,,,,,,,,,,,,,,,,,,,,,,105,,
sr634l2a95,2024-08-07T09:55:09-04:00,0_CARE,Case3,1_T1,1_SC,2,16,8,1,1,,,,0,1,1,1,,,,,,,,,,,,,,,,,,,,,,,,16,,
sv2pe6n20d,2024-08-15T09:18:44-04:00,1_CONF,Case1,3_T3,1_SC,5,1,0.5,,,,,,,,,,1,1,1,1,1,1,1,1,1,0,,,,,,,,,,,,,,123,,
syuqgspuqo,2024-08-08T10:36:47-04:00,0_CARE,Case1,2_T2,1_SC,3,22,11,,,1,1,1,,,,,,,,,,,,,,,,,,,,,,,,,,,22,71,,30
t3ew3axhcu,2024-08-07T09:46:24-04:00,0_CARE,Case3,1_T1,1_SC,2,9,4.5,1,1,,,,0,1,1,1,,,,,,,,,,,,,,,,,,,,,,,,9,,
t86zqgev6s,2024-08-08T10:18:51-04:00,0_CARE,Case1,2_T2,1_SC,3,11,5.5,,,1,1,1,,,,,,,,,,,,,,,,,,,,,,,,,,,11,60,,19
t8pxhyu9up,2024-08-14T09:01:09-04:00,0_CARE,Case3,3_T3,1_SC,4,1,0.5,1,1,1,1,1,0,1,1,1,,,,,,,,,,,,,,,,,,,,,,,31,111,,42
tf8xbov0s1,2024-08-08T10:43:23-04:00,0_CARE,Case1,2_T2,1_SC,3,27,13.5,,,1,1,1,,,,,,,,,,,,,,,,,,,,,,,,,,,27,76,,35
thoyygpc64,2024-08-07T09:51:45-04:00,1_CONF,Case3,1_T1,1_SC,2,13,6.5,,,,,,,,,,1,1,0,1,1,1,0,1,1,0,,,,,,,,,,,,,,13,,
tp429hjgiw,2024-08-07T13:04:53-04:00,1_CONF,Case1,1_T1,1_SC,2,15,7.5,,,,,,,,,,1,1,0,0,1,1,1,1,1,0,,,,,,,,,,,,,,46,,
tsm3wlfqx9,2024-08-09T10:38:50-04:00,0_CARE,Case1,2_T2,1_SC,4,5,2.5,,,1,1,1,,,,,,,,,,,,,,,,,,,,,,,,,,,,96,,
u0l91fxfeu,2024-08-08T10:13:18-04:00,0_CARE,Case1,2_T2,1_SC,3,6,3,,,1,1,1,,,,,,,,,,,,,,,,,,,,,,,,,,,6,55,,14
u21qlmt7u5,2024-08-13T09:53:52-04:00,1_CONF,Case2,3_T3,1_SC,4,7,3.5,,,,,,,,,,1,1,1,1,1,1,1,1,1,0,,,,,,,,,,,,,,109,,
u4353xrlsu,2024-08-15T09:21:43-04:00,0_CARE,Case1,3_T3,1_SC,5,4,2,1,1,1,1,1,1,1,1,1,,,,,,,,,,,,,,,,,,,,,,,,126,,
upxk8sxqd3,2024-08-07T11:38:30-04:00,0_CARE,Case2,1_T1,1_SC,2,4,2,1,1,,,,1,1,1,1,,,,,,,,,,,,,,,,,,,,,,,,30,,
uxwhzgm5of,2024-08-09T09:12:20-04:00,1_CONF,Case2,2_T2,1_SC,3,6,3,,,,,,,,,,1,1,1,1,1,0,1,1,1,1,,,,,,,,,,,,,,85,,
v2ypy1id3l,2024-08-07T10:05:53-04:00,1_CONF,Case3,1_T1,1_SC,2,25,12.5,,,,,,,,,,1,1,1,1,1,0,1,1,1,1,,,,,,,,,,,,,,25,,
v55kb026yw,2024-08-08T10:26:51-04:00,0_CARE,Case1,2_T2,1_SC,3,17,8.5,,,1,1,1,,,,,,,,,,,,,,,,,,,,,,,,,,,17,66,,25
vbc6cmb9b3,2024-08-09T09:10:34-04:00,1_CONF,Case2,2_T2,1_SC,3,4,2,,,,,,,,,,1,1,1,1,1,1,1,1,1,0,,,,,,,,,,,,,,83,,
vl3bg5qopv,2024-08-07T09:49:46-04:00,0_CARE,Case3,1_T1,1_SC,2,12,6,1,1,,,,1,1,1,1,,,,,,,,,,,,,,,,,,,,,,,,12,,
vlptq344o1,2024-08-15T09:20:36-04:00,1_CONF,Case1,3_T3,1_SC,5,3,1.5,,,,,,,,,,1,1,1,1,1,1,1,1,1,0,,,,,,,,,,,,,,125,,
vm4ie0s1ad,2024-08-14T09:07:51-04:00,0_CARE,Case3,3_T3,1_SC,4,8,4,1,1,1,1,1,1,1,1,1,,,,,,,,,,,,,,,,,,,,,,,,118,,
vmfqt8wmtu,2024-08-13T09:48:27-04:00,0_CARE,Case2,3_T3,1_SC,4,2,0.5,1,1,1,1,1,1,1,1,1,,,,,,,,,,,,,,,,,,,,,,,,104,,
vrj74kr1el,2024-08-07T12:45:05-04:00,0_CARE,Case1,1_T1,1_SC,2,1,0.5,1,1,,,,0,1,1,1,,,,,,,,,,,,,,,,,,,,,,,,33,,
vsuw7vxozh,2024-08-07T11:39:29-04:00,0_CARE,Case2,1_T1,1_SC,2,5,2.5,1,1,,,,1,1,1,1,,,,,,,,,,,,,,,,,,,,,,,,31,,
vx85tlxdqt,2024-08-14T09:05:13-04:00,0_CARE,Case3,3_T3,1_SC,4,5,2.5,1,1,1,1,1,1,1,1,1,,,,,,,,,,,,,,,,,,,,,,,35,115,,46
w21rrczo9f,2024-08-07T13:00:54-04:00,0_CARE,Case1,1_T1,1_SC,2,12,6,1,1,,,,1,1,1,1,,,,,,,,,,,,,,,,,,,,,,,,43,,
wl39z8c185,2024-08-07T13:08:08-04:00,0_CARE,Case1,1_T1,1_SC,2,18,9,1,1,,,,1,1,1,1,,,,,,,,,,,,,,,,,,,,,,,,49,,
wntpo8qsgw,2024-08-14T09:06:58-04:00,0_CARE,Case3,3_T3,1_SC,4,7,3.5,1,1,1,1,1,0,1,1,1,,,,,,,,,,,,,,,,,,,,,,,37,117,,48
wvll5g54y3,2024-08-07T13:02:23-04:00,0_CARE,Case1,1_T1,1_SC,2,13,6.5,1,1,,,,1,1,1,1,,,,,,,,,,,,,,,,,,,,,,,,44,,
wxr90ecf8k,2024-08-08T10:35:53-04:00,0_CARE,Case1,2_T2,1_SC,3,21,10.5,,,1,1,1,,,,,,,,,,,,,,,,,,,,,,,,,,,21,70,,29
wylueur6u0,2024-08-07T09:41:16-04:00,0_CARE,Case3,1_T1,1_SC,2,5,2.5,1,1,,,,0,1,1,1,,,,,,,,,,,,,,,,,,,,,,,,5,,
x9cdau2e3l,2024-08-13T09:51:45-04:00,1_CONF,Case2,3_T3,1_SC,4,5,2.5,,,,,,,,,,1,1,1,1,1,1,1,1,1,0,,,,,,,,,,,,,,107,,
xb5ofe84wo,2024-08-07T09:46:20-04:00,1_CONF,Case3,1_T1,1_SC,2,9,4.5,,,,,,,,,,1,1,0,1,1,0,1,1,1,0,,,,,,,,,,,,,,9,,
xcoeaa4dt1,2024-08-09T09:11:27-04:00,1_CONF,Case2,2_T2,1_SC,3,5,2.5,,,,,,,,,,1,1,1,1,1,1,1,1,1,0,,,,,,,,,,,,,,84,,
y0drtplb83,2024-08-07T09:57:25-04:00,0_CARE,Case3,1_T1,1_SC,2,18,9,1,1,,,,0,1,1,1,,,,,,,,,,,,,,,,,,,,,,,,18,,
y87yhj0qb8,2024-08-13T09:03:04-04:00,0_CARE,Case3,2_T2,1_SC,3,5,2.5,,,1,1,1,,,,,,,,,,,,,,,,,,,,,,,,,,,,101,,
ybi4hhvybk,2024-08-14T09:02:03-04:00,0_CARE,Case3,3_T3,1_SC,4,2,1,1,1,1,1,1,1,1,1,1,,,,,,,,,,,,,,,,,,,,,,,32,112,,43
ybmr7xnnip,2024-08-13T08:59:41-04:00,0_CARE,Case3,2_T2,1_SC,3,1,0.5,,,1,1,1,,,,,,,,,,,,,,,,,,,,,,,,,,,42,97,,39
yjhemw8xzy,2024-08-09T10:35:18-04:00,0_CARE,Case1,2_T2,1_SC,4,1,0.5,,,1,0,1,,,,,,,,,,,,,,,,,,,,,,,,,,,,92,,
yl2cz1l96w,2024-08-09T09:15:07-04:00,0_CARE,Case2,2_T2,1_SC,3,9,4.5,,,1,1,1,,,,,,,,,,,,,,,,,,,,,,,,,,,,88,,
yya54tly2x,2024-08-07T09:42:45-04:00,1_CONF,Case3,1_T1,1_SC,2,6,3,,,,,,,,,,1,1,0,1,1,1,0,1,0,0,,,,,,,,,,,,,,6,,
zabc500npc,2024-08-09T10:35:17-04:00,1_CONF,Case1,2_T2,1_SC,4,1,0.5,,,,,,,,,,1,1,1,1,1,0,1,1,1,0,,,,,,,,,,,,,,92,,
zczbte79pl,2024-08-07T10:06:50-04:00,0_CARE,Case3,1_T1,1_SC,2,26,13,1,1,,,,1,1,1,1,,,,,,,,,,,,,,,,,,,,,,,,26,,
zfhczmbu3u,2024-08-08T10:22:53-04:00,0_CARE,Case1,2_T2,1_SC,3,14,7,,,1,1,1,,,,,,,,,,,,,,,,,,,,,,,,,,,14,63,,22
zghd1m82d9,2024-08-08T10:09:28-04:00,0_CARE,Case1,2_T2,1_SC,3,3,1.5,,,1,1,1,,,,,,,,,,,,,,,,,,,,,,,,,,,3,52,,11
zm2zuxrtrb,2024-08-07T13:07:01-04:00,1_CONF,Case1,1_T1,1_SC,2,17,8.5,,,,,,,,,,1,1,0,0,1,1,1,1,1,0,,,,,,,,,,,,,,48,,
zo3z42afvc,2024-08-07T13:06:58-04:00,0_CARE,Case1,1_T1,1_SC,2,17,8.5,1,1,,,,1,1,1,1,,,,,,,,,,,,,,,,,,,,,,,,48,,
zyqwop1bol,2024-08-07T09:40:05-04:00,0_CARE,Case3,1_T1,1_SC,2,4,2,1,1,,,,0,1,1,1,,,,,,,,,,,,,,,,,,,,,,,46,4,,2
