InstanceID,DateTimeStamp,Respondent,CaregiverID,StudyPhase,SessionType,SessionCount,Merge_TotalSessionTrials,SessionBlockCount,SelfMonitoring1,SelfMonitoring2,SelfMonitoring3,SelfMonitoring4,SelfMonitoring5,SelfMonitoring6a_1,SelfMonitoring6a_2,SelfMonitoring6a_3,ConfMonitoring1,ConfMonitoring2,ConfMonitoring3,ConfMonitoring4,ConfMonitoring5,ConfMonitoring6a_1,ConfMonitoring6a_2,ConfMonitoring6a_3,ConfConfederateInteraction,ConfTrialNote,IOAMonitoring1,IOAMonitoring2,IOAMonitoring3,IOAMonitoring4,IOAMonitoring5,IOAMonitoring6a_1,IOAMonitoring6a_2,IOAMonitoring6a_3,IOAConfederateInteraction,IOATrialNote,IOAxCARE_Key,CONFxCARE_Key,IOAxCONF_Key,CONFxCARExIOA_Key,Monitoring1,Monitoring2,Monitoring3,Monitoring4,Monitoring5,Monitoring6a_1,Monitoring6a_2,Monitoring6a_3,Matrix_A,Matrix_B,Matrix_C,Matrix_D,AD_Count,ABCD_Count,P_A,P_B,P_C,P_D,((A+B)*(A+C))/n,((B+D)*(C+D))/n,p_e,P_yes,P_no,P_e (2),P_o,P_o - P_e,1 - P_e,k
p3h2noxcwo,2024-08-06 12:10:55-04:00,3_IOAxCONF,Case2,0_BL,0_AC,1,1,0.5,,,,,,,,,1,1,0,0,1,0,1,0,1,Prompted to push button,0,1,0,0,1,0,1,0,0,"""I like how you're helping"" (not 100% if this is task-specific)",<NA>,<NA>,1,<NA>,B,A,D,D,A,D,A,D,3,1,0,4,7,8,0.375,0.125,0,0.5,0.1875,0.3125,0.5,0.1875,0.3125,0.5,0.875,0.375,0.5,0.75
8c3dazi3qu,2024-08-06 12:16:47-04:00,3_IOAxCONF,Case2,0_BL,1_SC,1,1,0.5,,,,,,,,,1,1,0,0,1,0,1,0,0,nan,0,1,0,0,1,0,1,0,1,Further clarification on task from confederate,<NA>,<NA>,2,<NA>,B,A,D,D,A,D,A,D,3,1,0,4,7,8,0.375,0.125,0,0.5,0.1875,0.3125,0.5,0.1875,0.3125,0.5,0.875,0.375,0.5,0.75
bzpgcj844i,2024-08-06 12:18:58-04:00,3_IOAxCONF,Case2,0_BL,1_SC,1,2,1,,,,,,,,,1,1,0,0,0,0,0,1,1,Mentioned random assignment ,0,1,0,0,1,0,0,0,1,"Further explanation by confederate on when he will/not comply (""It's automated"") 9:05",<NA>,<NA>,3,<NA>,B,A,D,D,C,D,D,B,1,2,1,4,5,8,0.125,0.25,0.125,0.5,0.09375,0.46875,0.5625,0.09375,0.46875,0.5625,0.625,0.0625,0.4375,0.142857143
5323y3y8fp,2024-08-06 12:20:36-04:00,3_IOAxCONF,Case2,0_BL,1_SC,1,3,1.5,,,,,,,,,1,1,0,0,1,0,0,1,0,nan,0,1,0,0,1,0,0,1,0,nan,<NA>,<NA>,4,<NA>,B,A,D,D,A,D,D,A,3,1,0,4,7,8,0.375,0.125,0,0.5,0.1875,0.3125,0.5,0.1875,0.3125,0.5,0.875,0.375,0.5,0.75
zom6it7q6a,2024-08-06 12:22:07-04:00,3_IOAxCONF,Case2,0_BL,1_SC,1,4,2,,,,,,,,,1,1,0,1,1,0,1,0,0,nan,0,1,0,0,1,0,1,0,0,nan,<NA>,<NA>,5,<NA>,B,A,D,B,A,D,A,D,3,2,0,3,6,8,0.375,0.25,0,0.375,0.234375,0.234375,0.46875,0.234375,0.234375,0.46875,0.75,0.28125,0.53125,0.529411765
zp2oqbs26n,2024-08-06 12:23:44-04:00,3_IOAxCONF,Case2,0_BL,1_SC,1,5,2.5,,,,,,,,,1,1,0,1,1,1,1,1,1,Cited my own phone use,0,1,0,0,1,1,1,1,1,Confederate said he forgot what he was supposed to do 14:15,<NA>,<NA>,6,<NA>,B,A,D,B,A,A,A,A,5,2,0,1,6,8,0.625,0.25,0,0.125,0.546875,0.046875,0.59375,0.546875,0.046875,0.59375,0.75,0.15625,0.40625,0.384615385
3bjywc7ujz,2024-08-06 12:25:17-04:00,3_IOAxCONF,Case2,0_BL,1_SC,1,6,3,,,,,,,,,1,1,0,1,1,0,1,0,0,nan,0,1,0,0,1,0,1,0,0,Caregiver noted something she would typically do different with AC 16:20,<NA>,<NA>,7,<NA>,B,A,D,B,A,D,A,D,3,2,0,3,6,8,0.375,0.25,0,0.375,0.234375,0.234375,0.46875,0.234375,0.234375,0.46875,0.75,0.28125,0.53125,0.529411765
xmwo3ksvlr,2024-08-06 12:26:54-04:00,3_IOAxCONF,Case2,0_BL,1_SC,1,7,3.5,,,,,,,,,1,1,0,1,1,0,1,0,0,nan,1,1,0,0,1,0,1,0,1,Joke about being old and having to get on the ground 17:45,<NA>,<NA>,8,<NA>,A,A,D,B,A,D,A,D,4,1,0,3,7,8,0.5,0.125,0,0.375,0.3125,0.1875,0.5,0.3125,0.1875,0.5,0.875,0.375,0.5,0.75
n6ug7xzlvn,2024-08-06 12:28:26-04:00,3_IOAxCONF,Case2,0_BL,1_SC,1,8,4,,,,,,,,,1,1,0,1,1,0,1,0,0,nan,0,1,0,0,1,0,1,0,0,nan,<NA>,<NA>,9,<NA>,B,A,D,B,A,D,A,D,3,2,0,3,6,8,0.375,0.25,0,0.375,0.234375,0.234375,0.46875,0.234375,0.234375,0.46875,0.75,0.28125,0.53125,0.529411765
sdpw089q9q,2024-08-06 12:29:43-04:00,3_IOAxCONF,Case2,0_BL,1_SC,1,9,4.5,,,,,,,,,1,1,0,1,1,0,1,0,0,nan,0,1,0,0,1,0,1,0,0,nan,<NA>,<NA>,10,<NA>,B,A,D,B,A,D,A,D,3,2,0,3,6,8,0.375,0.25,0,0.375,0.234375,0.234375,0.46875,0.234375,0.234375,0.46875,0.75,0.28125,0.53125,0.529411765
pzsi25ii78,2024-08-06 12:31:29-04:00,3_IOAxCONF,Case2,0_BL,1_SC,1,10,5,,,,,,,,,1,1,0,1,1,0,0,1,1,Forgot blanket,0,1,0,0,1,0,1,0,1,Caregiver asked confederate to get blanket 21:35,<NA>,<NA>,11,<NA>,B,A,D,B,A,D,C,B,2,3,1,2,4,8,0.25,0.375,0.125,0.25,0.234375,0.234375,0.46875,0.234375,0.234375,0.46875,0.5,0.03125,0.53125,0.058823529
jauk391j4r,2024-08-06 12:33:30-04:00,3_IOAxCONF,Case2,0_BL,1_SC,1,11,5.5,,,,,,,,,1,1,0,1,1,0,1,0,0,"Was a no comply, wasn't sure of task, she took it as a compliant",0,1,0,0,1,0,1,0,0,nan,<NA>,<NA>,12,<NA>,B,A,D,B,A,D,A,D,3,2,0,3,6,8,0.375,0.25,0,0.375,0.234375,0.234375,0.46875,0.234375,0.234375,0.46875,0.75,0.28125,0.53125,0.529411765
a4knedjuvn,2024-08-06 12:34:59-04:00,3_IOAxCONF,Case2,0_BL,1_SC,1,12,6,,,,,,,,,1,1,0,1,1,0,1,0,0,nan,0,1,0,0,1,0,1,0,0,nan,<NA>,<NA>,13,<NA>,B,A,D,B,A,D,A,D,3,2,0,3,6,8,0.375,0.25,0,0.375,0.234375,0.234375,0.46875,0.234375,0.234375,0.46875,0.75,0.28125,0.53125,0.529411765
59z28789f8,2024-08-06 12:42:01-04:00,3_IOAxCONF,Case2,0_BL,0_AC,1,2,0.5,,,,,,,,,1,1,0,1,1,0,1,0,1,Requested to have placement on floor,1,1,0,0,1,0,1,0,0,nan,<NA>,<NA>,14,<NA>,A,A,D,B,A,D,A,D,4,1,0,3,7,8,0.5,0.125,0,0.375,0.3125,0.1875,0.5,0.3125,0.1875,0.5,0.875,0.375,0.5,0.75
jqtcx1bw9u,2024-08-06 12:44:35-04:00,3_IOAxCONF,Case2,0_BL,1_SC,1,13,0.5,,,,,,,,,1,1,0,1,1,0,1,0,0,nan,1,1,0,0,1,0,1,0,0,nan,<NA>,<NA>,15,<NA>,A,A,D,B,A,D,A,D,4,1,0,3,7,8,0.5,0.125,0,0.375,0.3125,0.1875,0.5,0.3125,0.1875,0.5,0.875,0.375,0.5,0.75
sv1ln9v67n,2024-08-06 12:46:18-04:00,3_IOAxCONF,Case2,0_BL,1_SC,1,14,1,,,,,,,,,1,1,0,1,1,0,1,0,0,Should have been a no comply **Addressed 2024.09.16**,0,1,0,0,1,0,1,0,0,nan,<NA>,<NA>,16,<NA>,B,A,D,B,A,D,A,D,3,2,0,3,6,8,0.375,0.25,0,0.375,0.234375,0.234375,0.46875,0.234375,0.234375,0.46875,0.75,0.28125,0.53125,0.529411765
ox85op7a90,2024-08-06 12:47:31-04:00,3_IOAxCONF,Case2,0_BL,1_SC,1,15,1.5,,,,,,,,,1,1,0,1,1,1,1,1,0,nan,1,1,0,0,1,1,1,1,0,nan,<NA>,<NA>,17,<NA>,A,A,D,B,A,A,A,A,6,1,0,1,7,8,0.75,0.125,0,0.125,0.65625,0.03125,0.6875,0.65625,0.03125,0.6875,0.875,0.1875,0.3125,0.6
vreldn5mvu,2024-08-06 12:51:02-04:00,3_IOAxCONF,Case2,0_BL,1_SC,1,16,2,,,,,,,,,1,1,0,1,1,0,1,0,0,nan,1,1,0,0,1,0,1,0,0,nan,<NA>,<NA>,18,<NA>,A,A,D,B,A,D,A,D,4,1,0,3,7,8,0.5,0.125,0,0.375,0.3125,0.1875,0.5,0.3125,0.1875,0.5,0.875,0.375,0.5,0.75
h1jnbdx1lz,2024-08-06 12:52:49-04:00,3_IOAxCONF,Case2,0_BL,0_AC,1,3,0.5,,,,,,,,,1,1,0,1,1,0,1,0,0,nan,1,1,0,0,1,0,1,0,0,child got distracted on the way to comply with demand 43:00,<NA>,<NA>,19,<NA>,A,A,D,B,A,D,A,D,4,1,0,3,7,8,0.5,0.125,0,0.375,0.3125,0.1875,0.5,0.3125,0.1875,0.5,0.875,0.375,0.5,0.75
yq71aj4ndb,2024-08-06 12:55:27-04:00,3_IOAxCONF,Case2,0_BL,1_SC,1,17,0.5,,,,,,,,,1,1,0,1,1,0,0,1,0,nan,1,1,0,0,1,1,1,1,0,"child stayed in room, didn't seem to have impact on caregiver's behavior though",<NA>,<NA>,20,<NA>,A,A,D,B,A,C,C,A,4,1,2,1,5,8,0.5,0.125,0.25,0.125,0.46875,0.09375,0.5625,0.46875,0.09375,0.5625,0.625,0.0625,0.4375,0.142857143
tag1fa0kp1,2024-08-06 12:56:51-04:00,3_IOAxCONF,Case2,0_BL,1_SC,1,18,1,,,,,,,,,1,1,0,1,1,0,1,0,1,nan,1,1,0,0,1,0,1,0,0,nan,<NA>,<NA>,21,<NA>,A,A,D,B,A,D,A,D,4,1,0,3,7,8,0.5,0.125,0,0.375,0.3125,0.1875,0.5,0.3125,0.1875,0.5,0.875,0.375,0.5,0.75
1lv6uae4sw,2024-08-06 13:00:31-04:00,3_IOAxCONF,Case2,0_BL,0_AC,1,4,0.5,,,,,,,,,1,1,0,1,1,0,1,0,0,nan,1,1,0,0,1,0,1,0,0,nan,<NA>,<NA>,22,<NA>,A,A,D,B,A,D,A,D,4,1,0,3,7,8,0.5,0.125,0,0.375,0.3125,0.1875,0.5,0.3125,0.1875,0.5,0.875,0.375,0.5,0.75
j8lu5vx9rx,2024-08-06 14:09:05-04:00,3_IOAxCONF,Case3,0_BL,0_AC,1,1,0.5,,,,,,,,,1,0,0,0,1,0,1,0,1,Some smiles when the child took a moment,0,1,0,0,1,1,1,0,0,"Child struggled with completing the task, and got distracted a few times 1:00",<NA>,<NA>,23,<NA>,B,C,D,D,A,C,A,D,2,1,2,3,5,8,0.25,0.125,0.25,0.375,0.1875,0.3125,0.5,0.1875,0.3125,0.5,0.625,0.125,0.5,0.25
zqh67kai1y,2024-08-06 14:13:50-04:00,3_IOAxCONF,Case3,0_BL,1_SC,1,1,0.5,,,,,,,,,1,1,0,0,1,0,0,0,0,nan,0,1,0,0,0,0,0,0,0,nan,<NA>,<NA>,24,<NA>,B,A,D,D,B,D,D,D,1,2,0,5,6,8,0.125,0.25,0,0.625,0.046875,0.546875,0.59375,0.046875,0.546875,0.59375,0.75,0.15625,0.40625,0.384615385
7o69hq0dlj,2024-08-06 14:15:16-04:00,3_IOAxCONF,Case3,0_BL,1_SC,1,2,1,,,,,,,,,1,1,0,0,1,0,0,1,1,I said perfect at the end,0,1,0,0,1,0,0,0,0,nan,<NA>,<NA>,25,<NA>,B,A,D,D,A,D,D,B,2,2,0,4,6,8,0.25,0.25,0,0.5,0.125,0.375,0.5,0.125,0.375,0.5,0.75,0.25,0.5,0.5
lgau2v904v,2024-08-06 14:16:28-04:00,3_IOAxCONF,Case3,0_BL,1_SC,1,3,1.5,,,,,,,,,1,1,0,0,1,0,1,0,0,nan,1,1,0,0,0,0,1,0,0,nan,<NA>,<NA>,26,<NA>,A,A,D,D,B,D,A,D,3,1,0,4,7,8,0.375,0.125,0,0.5,0.1875,0.3125,0.5,0.1875,0.3125,0.5,0.875,0.375,0.5,0.75
wieyal9grr,2024-08-06 14:17:42-04:00,3_IOAxCONF,Case3,0_BL,1_SC,1,4,2,,,,,,,,,0,1,0,0,1,0,0,1,0,nan,0,1,0,0,1,0,0,0,1,Confederate noted repetitiveness to caregiver 13:00,<NA>,<NA>,27,<NA>,D,A,D,D,A,D,D,B,2,1,0,5,7,8,0.25,0.125,0,0.625,0.09375,0.46875,0.5625,0.09375,0.46875,0.5625,0.875,0.3125,0.4375,0.714285714
ceio20vzn7,2024-08-06 14:18:58-04:00,3_IOAxCONF,Case3,0_BL,1_SC,1,5,2.5,,,,,,,,,0,1,0,0,1,0,0,0,0,nan,0,1,0,0,1,0,1,0,0,nan,<NA>,<NA>,28,<NA>,D,A,D,D,A,D,C,D,2,0,1,5,7,8,0.25,0,0.125,0.625,0.09375,0.46875,0.5625,0.09375,0.46875,0.5625,0.875,0.3125,0.4375,0.714285714
nuojvsrak4,2024-08-06 14:20:16-04:00,3_IOAxCONF,Case3,0_BL,1_SC,1,6,3,,,,,,,,,0,1,0,0,1,0,0,1,0,nan,0,1,0,0,1,0,0,1,0,nan,<NA>,<NA>,29,<NA>,D,A,D,D,A,D,D,A,3,0,0,5,8,8,0.375,0,0,0.625,0.140625,0.390625,0.53125,0.140625,0.390625,0.53125,1,0.46875,0.46875,1
vgsfvs23id,2024-08-06 14:21:23-04:00,3_IOAxCONF,Case3,0_BL,1_SC,1,7,3.5,,,,,,,,,0,1,0,0,1,0,0,1,0,nan,0,1,0,0,1,0,0,1,0,nan,<NA>,<NA>,30,<NA>,D,A,D,D,A,D,D,A,3,0,0,5,8,8,0.375,0,0,0.625,0.140625,0.390625,0.53125,0.140625,0.390625,0.53125,1,0.46875,0.46875,1
k81nionvca,2024-08-06 14:22:38-04:00,3_IOAxCONF,Case3,0_BL,1_SC,1,8,4,,,,,,,,,0,0,0,0,1,0,1,0,1,Mentioned phone,0,1,0,0,1,1,1,0,1,Confederate checked phone for what to do 18:00,<NA>,<NA>,34,<NA>,D,C,D,D,A,C,A,D,2,0,2,4,6,8,0.25,0,0.25,0.5,0.125,0.375,0.5,0.125,0.375,0.5,0.75,0.25,0.5,0.5
u0e61zeiap,2024-08-06 14:23:49-04:00,3_IOAxCONF,Case3,0_BL,1_SC,1,9,4.5,,,,,,,,,0,1,0,0,1,0,1,0,0,nan,0,1,0,0,1,0,1,0,0,nan,<NA>,<NA>,35,<NA>,D,A,D,D,A,D,A,D,3,0,0,5,8,8,0.375,0,0,0.625,0.140625,0.390625,0.53125,0.140625,0.390625,0.53125,1,0.46875,0.46875,1
rxji52j2gp,2024-08-06 14:25:09-04:00,3_IOAxCONF,Case3,0_BL,1_SC,1,10,5,,,,,,,,,1,1,0,1,1,0,0,1,0,nan,0,1,0,0,1,0,0,1,0,nan,<NA>,<NA>,36,<NA>,B,A,D,B,A,D,D,A,3,2,0,3,6,8,0.375,0.25,0,0.375,0.234375,0.234375,0.46875,0.234375,0.234375,0.46875,0.75,0.28125,0.53125,0.529411765
tz3akpx8zf,2024-08-06 14:26:14-04:00,3_IOAxCONF,Case3,0_BL,1_SC,1,11,5.5,,,,,,,,,1,1,0,0,1,0,1,0,0,nan,1,1,0,0,1,1,0,0,0,nan,<NA>,<NA>,37,<NA>,A,A,D,D,A,C,B,D,3,1,1,3,6,8,0.375,0.125,0.125,0.375,0.25,0.25,0.5,0.25,0.25,0.5,0.75,0.25,0.5,0.5
ay9xpkvfkq,2024-08-06 14:27:32-04:00,3_IOAxCONF,Case3,0_BL,1_SC,1,12,6,,,,,,,,,0,1,0,0,1,0,0,1,0,nan,0,1,0,0,1,0,0,1,0,nan,<NA>,<NA>,38,<NA>,D,A,D,D,A,D,D,A,3,0,0,5,8,8,0.375,0,0,0.625,0.140625,0.390625,0.53125,0.140625,0.390625,0.53125,1,0.46875,0.46875,1
dhz81nhvnu,2024-08-06 14:28:58-04:00,3_IOAxCONF,Case3,0_BL,1_SC,1,13,6.5,,,,,,,,,0,1,0,0,1,0,1,0,1,Joke about drawing,0,1,0,0,1,1,1,0,1,Joke about drawing 24:15,<NA>,<NA>,39,<NA>,D,A,D,D,A,C,A,D,3,0,1,4,7,8,0.375,0,0.125,0.5,0.1875,0.3125,0.5,0.1875,0.3125,0.5,0.875,0.375,0.5,0.75
v6h0qhxezv,2024-08-06 14:30:17-04:00,3_IOAxCONF,Case3,0_BL,1_SC,1,14,7,,,,,,,,,0,1,0,0,1,1,1,1,0,nan,0,1,0,0,1,0,0,1,0,nan,<NA>,<NA>,40,<NA>,D,A,D,D,A,B,B,A,3,2,0,3,6,8,0.375,0.25,0,0.375,0.234375,0.234375,0.46875,0.234375,0.234375,0.46875,0.75,0.28125,0.53125,0.529411765
tfjkg475qi,2024-08-06 14:31:31-04:00,3_IOAxCONF,Case3,0_BL,1_SC,1,15,7.5,,,,,,,,,0,1,0,0,1,0,1,0,0,nan,0,1,0,0,1,0,1,0,0,nan,<NA>,<NA>,41,<NA>,D,A,D,D,A,D,A,D,3,0,0,5,8,8,0.375,0,0,0.625,0.140625,0.390625,0.53125,0.140625,0.390625,0.53125,1,0.46875,0.46875,1
nyhoddoted,2024-08-06 14:32:31-04:00,3_IOAxCONF,Case3,0_BL,1_SC,1,16,8,,,,,,,,,0,1,0,0,1,0,0,1,0,nan,0,1,0,0,1,0,0,1,0,nan,<NA>,<NA>,42,<NA>,D,A,D,D,A,D,D,A,3,0,0,5,8,8,0.375,0,0,0.625,0.140625,0.390625,0.53125,0.140625,0.390625,0.53125,1,0.46875,0.46875,1
qr4b9h5rfk,2024-08-06 14:36:59-04:00,3_IOAxCONF,Case3,0_BL,0_AC,1,2,0.5,,,,,,,,,1,0,0,0,1,0,0,0,0,nan,0,1,0,0,1,0,0,0,0,nan,<NA>,<NA>,43,<NA>,B,C,D,D,A,D,D,D,1,1,1,5,6,8,0.125,0.125,0.125,0.625,0.0625,0.5625,0.625,0.0625,0.5625,0.625,0.75,0.125,0.375,0.333333333
305smus3na,2024-08-06 14:41:21-04:00,3_IOAxCONF,Case3,0_BL,1_SC,1,18,1,,,,,,,,,0,1,0,0,1,0,1,0,0,nan,0,1,0,0,1,1,1,0,0,nan,<NA>,<NA>,48,<NA>,D,A,D,D,A,C,A,D,3,0,1,4,7,8,0.375,0,0.125,0.5,0.1875,0.3125,0.5,0.1875,0.3125,0.5,0.875,0.375,0.5,0.75
vx8357a2wu,2024-08-06 14:42:38-04:00,3_IOAxCONF,Case3,0_BL,1_SC,1,19,1.5,,,,,,,,,0,1,0,0,1,0,0,1,0,nan,0,1,0,0,1,0,0,0,0,nan,<NA>,<NA>,49,<NA>,D,A,D,D,A,D,D,B,2,1,0,5,7,8,0.25,0.125,0,0.625,0.09375,0.46875,0.5625,0.09375,0.46875,0.5625,0.875,0.3125,0.4375,0.714285714
rpef5nl8ky,2024-08-06 14:44:00-04:00,3_IOAxCONF,Case3,0_BL,1_SC,1,20,2,,,,,,,,,0,0,0,0,1,0,1,0,0,nan,0,1,0,0,1,1,1,0,1,Joke about drawing 39:30,<NA>,<NA>,50,<NA>,D,C,D,D,A,C,A,D,2,0,2,4,6,8,0.25,0,0.25,0.5,0.125,0.375,0.5,0.125,0.375,0.5,0.75,0.25,0.5,0.5
2ahwij0p7v,2024-08-06 14:45:11-04:00,3_IOAxCONF,Case3,0_BL,1_SC,1,21,2.5,,,,,,,,,1,1,0,0,1,1,1,0,0,nan,0,1,0,0,1,1,1,0,0,nan,<NA>,<NA>,51,<NA>,B,A,D,D,A,A,A,D,4,1,0,3,7,8,0.5,0.125,0,0.375,0.3125,0.1875,0.5,0.3125,0.1875,0.5,0.875,0.375,0.5,0.75
3he8tyx9gc,2024-08-06 14:46:18-04:00,3_IOAxCONF,Case3,0_BL,1_SC,1,22,3,,,,,,,,,0,1,0,0,1,0,0,1,0,nan,0,1,0,0,1,0,0,0,0,nan,<NA>,<NA>,52,<NA>,D,A,D,D,A,D,D,B,2,1,0,5,7,8,0.25,0.125,0,0.625,0.09375,0.46875,0.5625,0.09375,0.46875,0.5625,0.875,0.3125,0.4375,0.714285714
w30gin0e3v,2024-08-06 14:50:08-04:00,3_IOAxCONF,Case3,0_BL,0_AC,1,3,0.5,,,,,,,,,1,1,0,1,1,0,1,0,0,nan,1,1,0,0,1,0,1,0,0,nan,<NA>,<NA>,53,<NA>,A,A,D,B,A,D,A,D,4,1,0,3,7,8,0.5,0.125,0,0.375,0.3125,0.1875,0.5,0.3125,0.1875,0.5,0.875,0.375,0.5,0.75
xzuoviw1k5,2024-08-06 14:52:05-04:00,3_IOAxCONF,Case3,0_BL,1_SC,1,23,0.5,,,,,,,,,0,1,0,0,1,0,0,1,0,nan,0,1,0,0,1,0,0,1,0,nan,<NA>,<NA>,54,<NA>,D,A,D,D,A,D,D,A,3,0,0,5,8,8,0.375,0,0,0.625,0.140625,0.390625,0.53125,0.140625,0.390625,0.53125,1,0.46875,0.46875,1
9b4dhcqlci,2024-08-06 14:53:27-04:00,3_IOAxCONF,Case3,0_BL,1_SC,1,24,1,,,,,,,,,1,1,0,0,1,0,1,0,0,nan,0,1,0,0,1,0,1,0,0,Child interrupted briefly 48:30,<NA>,<NA>,55,<NA>,B,A,D,D,A,D,A,D,3,1,0,4,7,8,0.375,0.125,0,0.5,0.1875,0.3125,0.5,0.1875,0.3125,0.5,0.875,0.375,0.5,0.75
rzwhywcd4l,2024-08-06 14:54:29-04:00,3_IOAxCONF,Case3,0_BL,1_SC,1,25,1.5,,,,,,,,,1,1,0,1,1,0,0,1,0,nan,0,1,0,0,1,0,0,0,0,nan,<NA>,<NA>,56,<NA>,B,A,D,B,A,D,D,B,2,3,0,3,5,8,0.25,0.375,0,0.375,0.15625,0.28125,0.4375,0.15625,0.28125,0.4375,0.625,0.1875,0.5625,0.333333333
0jiez2d4jx,2024-08-06 14:55:58-04:00,3_IOAxCONF,Case3,0_BL,1_SC,1,26,2,,,,,,,,,1,1,0,1,0,0,1,0,0,Blocks were in bin. Forgot,1,1,0,0,1,0,1,0,0,nan,<NA>,<NA>,57,<NA>,A,A,D,B,C,D,A,D,3,1,1,3,6,8,0.375,0.125,0.125,0.375,0.25,0.25,0.5,0.25,0.25,0.5,0.75,0.25,0.5,0.5
irjdgx069j,2024-08-06 14:58:13-04:00,3_IOAxCONF,Case3,0_BL,0_AC,1,4,0.5,,,,,,,,,0,1,0,0,0,0,1,0,0,nan,0,1,0,0,1,0,1,0,0,nan,<NA>,<NA>,58,<NA>,D,A,D,D,C,D,A,D,2,0,1,5,7,8,0.25,0,0.125,0.625,0.09375,0.46875,0.5625,0.09375,0.46875,0.5625,0.875,0.3125,0.4375,0.714285714
tpu1le2y24,2024-08-06 10:11:30-04:00,3_IOAxCONF,Case1,0_BL,0_AC,1,1,0.5,,,,,,,,,1,1,0,0,1,0,1,0,0,Remembered reward after the fact,1,1,0,0,1,0,1,1,1,Caregiver asked if she was allowed to give child treat 1:00,<NA>,<NA>,59,<NA>,A,A,D,D,A,D,A,C,4,0,1,3,7,8,0.5,0,0.125,0.375,0.3125,0.1875,0.5,0.3125,0.1875,0.5,0.875,0.375,0.5,0.75
4wfnryqwqr,2024-08-06 10:16:49-04:00,3_IOAxCONF,Case1,0_BL,1_SC,1,1,0.5,,,,,,,,,1,1,0,0,1,0,0,1,0,nan,1,1,0,0,1,0,0,1,1,"Small talk on ""Rob"" versus ""Robert"" 7:00",<NA>,<NA>,60,<NA>,A,A,D,D,A,D,D,A,4,0,0,4,8,8,0.5,0,0,0.5,0.25,0.25,0.5,0.25,0.25,0.5,1,0.5,0.5,1
76b6silt5i,2024-08-06 10:18:11-04:00,3_IOAxCONF,Case1,0_BL,1_SC,1,2,1,,,,,,,,,1,1,0,0,1,0,1,1,0,Prompt to phone down,1,1,0,0,1,0,1,1,0,nan,<NA>,<NA>,61,<NA>,A,A,D,D,A,D,A,A,5,0,0,3,8,8,0.625,0,0,0.375,0.390625,0.140625,0.53125,0.390625,0.140625,0.53125,1,0.46875,0.46875,1
zmp0lp9k1f,2024-08-06 10:19:27-04:00,3_IOAxCONF,Case1,0_BL,1_SC,1,3,1.5,,,,,,,,,1,1,0,0,1,0,1,1,0,nan,1,1,1,0,1,1,1,1,1,Caregiver asked about whether she does the same thing every time 10:00,<NA>,<NA>,62,<NA>,A,A,C,D,A,C,A,A,5,0,2,1,6,8,0.625,0,0.25,0.125,0.546875,0.046875,0.59375,0.546875,0.046875,0.59375,0.75,0.15625,0.40625,0.384615385
fezz3o4qcl,2024-08-06 10:21:08-04:00,3_IOAxCONF,Case1,0_BL,1_SC,1,4,2,,,,,,,,,1,1,0,1,1,0,1,1,1,I complied when I shouldn't have **Addressed 2024.09.16**,0,1,0,0,1,1,1,1,0,nan,<NA>,<NA>,63,<NA>,B,A,D,B,A,C,A,A,4,2,1,1,5,8,0.5,0.25,0.125,0.125,0.46875,0.09375,0.5625,0.46875,0.09375,0.5625,0.625,0.0625,0.4375,0.142857143
wfh37yc833,2024-08-06 10:22:56-04:00,3_IOAxCONF,Case1,0_BL,1_SC,1,5,2.5,,,,,,,,,1,1,0,0,1,0,0,1,0,nan,1,1,0,0,1,0,0,1,0,Whiteboard had incorrect trial # listed,<NA>,<NA>,64,<NA>,A,A,D,D,A,D,D,A,4,0,0,4,8,8,0.5,0,0,0.5,0.25,0.25,0.5,0.25,0.25,0.5,1,0.5,0.5,1
7o936qd290,2024-08-06 10:25:16-04:00,3_IOAxCONF,Case1,0_BL,1_SC,1,6,3,,,,,,,,,1,1,0,1,1,0,1,1,0,nan,1,1,0,1,1,1,1,1,0,nan,<NA>,<NA>,65,<NA>,A,A,D,A,A,C,A,A,6,0,1,1,7,8,0.75,0,0.125,0.125,0.65625,0.03125,0.6875,0.65625,0.03125,0.6875,0.875,0.1875,0.3125,0.6
f61mf134s8,2024-08-06 10:35:59-04:00,3_IOAxCONF,Case1,0_BL,0_AC,1,2,0.5,,,,,,,,,1,1,0,0,0,0,1,1,0,Child talked to me,1,1,0,0,1,0,1,1,0,nan,<NA>,<NA>,66,<NA>,A,A,D,D,C,D,A,A,4,0,1,3,7,8,0.5,0,0.125,0.375,0.3125,0.1875,0.5,0.3125,0.1875,0.5,0.875,0.375,0.5,0.75
zqpztu3q7m,2024-08-06 10:39:34-04:00,3_IOAxCONF,Case1,0_BL,1_SC,1,7,0.5,,,,,,,,,1,1,0,0,1,0,1,1,0,nan,1,1,1,0,1,0,0,1,0,nan,<NA>,<NA>,67,<NA>,A,A,C,D,A,D,B,A,4,1,1,2,6,8,0.5,0.125,0.125,0.25,0.390625,0.140625,0.53125,0.390625,0.140625,0.53125,0.75,0.21875,0.46875,0.466666667
nufa2j4q87,2024-08-06 10:41:41-04:00,3_IOAxCONF,Case1,0_BL,1_SC,1,8,1,,,,,,,,,1,1,0,0,1,0,0,1,0,Had to check phone for no comply ,1,1,0,0,1,0,0,1,0,nan,<NA>,<NA>,68,<NA>,A,A,D,D,A,D,D,A,4,0,0,4,8,8,0.5,0,0,0.5,0.25,0.25,0.5,0.25,0.25,0.5,1,0.5,0.5,1
wh09w5y1rs,2024-08-06 10:43:28-04:00,3_IOAxCONF,Case1,0_BL,1_SC,1,9,1.5,,,,,,,,,1,1,0,0,1,0,0,1,0,Checked phone again,1,1,0,0,1,0,0,1,0,nan,<NA>,<NA>,69,<NA>,A,A,D,D,A,D,D,A,4,0,0,4,8,8,0.5,0,0,0.5,0.25,0.25,0.5,0.25,0.25,0.5,1,0.5,0.5,1
wn1ygertr5,2024-08-06 10:44:50-04:00,3_IOAxCONF,Case1,0_BL,1_SC,1,10,2,,,,,,,,,1,1,0,0,1,0,1,1,0,nan,1,1,0,0,1,1,1,1,0,nan,<NA>,<NA>,70,<NA>,A,A,D,D,A,C,A,A,5,0,1,2,7,8,0.625,0,0.125,0.25,0.46875,0.09375,0.5625,0.46875,0.09375,0.5625,0.875,0.3125,0.4375,0.714285714
ney3hgrhzn,2024-08-06 10:46:34-04:00,3_IOAxCONF,Case1,0_BL,1_SC,1,11,2.5,,,,,,,,,1,1,0,0,0,0,1,1,0,Not sure what the direction was,1,1,0,0,1,1,1,1,0,"""Here is your strawberry for listening"" (not sure if that counts as verbal feedback)",<NA>,<NA>,71,<NA>,A,A,D,D,C,C,A,A,4,0,2,2,6,8,0.5,0,0.25,0.25,0.375,0.125,0.5,0.375,0.125,0.5,0.75,0.25,0.5,0.5
grpy4vkmdw,2024-08-06 10:48:31-04:00,3_IOAxCONF,Case1,0_BL,1_SC,1,12,3,,,,,,,,,1,1,0,0,1,0,0,1,1,Joke about behavior,0,1,0,0,1,0,0,1,0,nan,<NA>,<NA>,72,<NA>,B,A,D,D,A,D,D,A,3,1,0,4,7,8,0.375,0.125,0,0.5,0.1875,0.3125,0.5,0.1875,0.3125,0.5,0.875,0.375,0.5,0.75
z08uj7ac1w,2024-08-06 10:53:19-04:00,3_IOAxCONF,Case1,0_BL,0_AC,1,3,0.5,,,,,,,,,1,1,0,0,1,0,1,1,0,nan,1,1,0,0,1,1,1,1,0,nan,<NA>,<NA>,73,<NA>,A,A,D,D,A,C,A,A,5,0,1,2,7,8,0.625,0,0.125,0.25,0.46875,0.09375,0.5625,0.46875,0.09375,0.5625,0.875,0.3125,0.4375,0.714285714
9vaxpkqdjo,2024-08-08 10:07:20-04:00,3_IOAxCONF,Case1,2_T2,1_SC,3,1,0.5,,,,,,,,,1,1,0,0,1,1,1,1,0,nan,1,1,1,0,1,0,1,1,0,nan,<NA>,<NA>,74,<NA>,A,A,C,D,A,B,A,A,5,1,1,1,6,8,0.625,0.125,0.125,0.125,0.5625,0.0625,0.625,0.5625,0.0625,0.625,0.75,0.125,0.375,0.333333333
k7g0uooap7,2024-08-08 10:08:21-04:00,3_IOAxCONF,Case1,2_T2,1_SC,3,2,1,,,,,,,,,1,1,0,0,1,1,1,1,0,nan,1,1,0,0,1,0,0,1,0,nan,<NA>,<NA>,75,<NA>,A,A,D,D,A,B,B,A,4,2,0,2,6,8,0.5,0.25,0,0.25,0.375,0.125,0.5,0.375,0.125,0.5,0.75,0.25,0.5,0.5
o2wdtm4y2g,2024-08-08 10:09:34-04:00,3_IOAxCONF,Case1,2_T2,1_SC,3,3,1.5,,,,,,,,,1,1,0,0,1,0,1,1,0,nan,1,1,0,0,1,0,1,1,0,nan,<NA>,<NA>,76,<NA>,A,A,D,D,A,D,A,A,5,0,0,3,8,8,0.625,0,0,0.375,0.390625,0.140625,0.53125,0.390625,0.140625,0.53125,1,0.46875,0.46875,1
2xq3906fvt,2024-08-08 10:10:45-04:00,3_IOAxCONF,Case1,2_T2,1_SC,3,4,2,,,,,,,,,1,1,0,0,1,1,1,1,0,nan,1,1,0,0,1,0,1,1,0,nan,<NA>,<NA>,77,<NA>,A,A,D,D,A,B,A,A,5,1,0,2,7,8,0.625,0.125,0,0.25,0.46875,0.09375,0.5625,0.46875,0.09375,0.5625,0.875,0.3125,0.4375,0.714285714
vqh7gfxcey,2024-08-08 10:12:23-04:00,3_IOAxCONF,Case1,2_T2,1_SC,3,5,2.5,,,,,,,,,1,1,0,0,1,1,1,1,1,nan,1,1,1,0,1,1,1,1,0,nan,<NA>,<NA>,78,<NA>,A,A,C,D,A,A,A,A,6,0,1,1,7,8,0.75,0,0.125,0.125,0.65625,0.03125,0.6875,0.65625,0.03125,0.6875,0.875,0.1875,0.3125,0.6
u7tt56x4zn,2024-08-08 10:13:41-04:00,3_IOAxCONF,Case1,2_T2,1_SC,3,6,3,,,,,,,,,1,1,0,1,1,1,1,1,0,nan,1,1,1,0,1,1,1,1,0,nan,<NA>,<NA>,79,<NA>,A,A,C,B,A,A,A,A,6,1,1,0,6,8,0.75,0.125,0.125,0,0.765625,0.015625,0.78125,0.765625,0.015625,0.78125,0.75,-0.03125,0.21875,-0.142857143
mwwt50zvma,2024-08-08 10:14:44-04:00,3_IOAxCONF,Case1,2_T2,1_SC,3,7,3.5,,,,,,,,,1,1,0,0,1,1,1,1,0,nan,1,1,1,0,1,1,1,1,0,nan,<NA>,<NA>,80,<NA>,A,A,C,D,A,A,A,A,6,0,1,1,7,8,0.75,0,0.125,0.125,0.65625,0.03125,0.6875,0.65625,0.03125,0.6875,0.875,0.1875,0.3125,0.6
63c7z22k5i,2024-08-08 10:15:45-04:00,3_IOAxCONF,Case1,2_T2,1_SC,3,8,4,,,,,,,,,1,1,0,1,0,1,1,1,0,nan,1,1,0,0,1,1,1,1,0,nan,<NA>,<NA>,81,<NA>,A,A,D,B,C,A,A,A,5,1,1,1,6,8,0.625,0.125,0.125,0.125,0.5625,0.0625,0.625,0.5625,0.0625,0.625,0.75,0.125,0.375,0.333333333
77scmgllqe,2024-08-08 10:16:57-04:00,3_IOAxCONF,Case1,2_T2,1_SC,3,9,4.5,,,,,,,,,1,1,0,0,1,1,1,1,0,nan,1,1,1,0,1,1,1,1,0,nan,<NA>,<NA>,82,<NA>,A,A,C,D,A,A,A,A,6,0,1,1,7,8,0.75,0,0.125,0.125,0.65625,0.03125,0.6875,0.65625,0.03125,0.6875,0.875,0.1875,0.3125,0.6
yo3ske4qqn,2024-08-08 10:18:01-04:00,3_IOAxCONF,Case1,2_T2,1_SC,3,10,5,,,,,,,,,1,1,0,0,1,1,1,1,0,nan,1,1,0,0,1,0,1,1,0,nan,<NA>,<NA>,83,<NA>,A,A,D,D,A,B,A,A,5,1,0,2,7,8,0.625,0.125,0,0.25,0.46875,0.09375,0.5625,0.46875,0.09375,0.5625,0.875,0.3125,0.4375,0.714285714
omyuc8kvj5,2024-08-08 10:19:06-04:00,3_IOAxCONF,Case1,2_T2,1_SC,3,11,5.5,,,,,,,,,1,1,0,1,1,1,1,1,0,nan,1,1,1,0,1,1,1,1,0,nan,<NA>,<NA>,84,<NA>,A,A,C,B,A,A,A,A,6,1,1,0,6,8,0.75,0.125,0.125,0,0.765625,0.015625,0.78125,0.765625,0.015625,0.78125,0.75,-0.03125,0.21875,-0.142857143
tqd8io78y1,2024-08-08 10:20:30-04:00,3_IOAxCONF,Case1,2_T2,1_SC,3,12,6,,,,,,,,,1,1,0,0,1,1,1,1,0,nan,1,1,1,0,1,1,1,1,0,nan,<NA>,<NA>,85,<NA>,A,A,C,D,A,A,A,A,6,0,1,1,7,8,0.75,0,0.125,0.125,0.65625,0.03125,0.6875,0.65625,0.03125,0.6875,0.875,0.1875,0.3125,0.6
l9qcvrx9ff,2024-08-08 10:21:57-04:00,3_IOAxCONF,Case1,2_T2,1_SC,3,13,6.5,,,,,,,,,1,1,0,0,1,1,1,1,0,nan,1,1,1,0,1,1,1,1,0,nan,<NA>,<NA>,86,<NA>,A,A,C,D,A,A,A,A,6,0,1,1,7,8,0.75,0,0.125,0.125,0.65625,0.03125,0.6875,0.65625,0.03125,0.6875,0.875,0.1875,0.3125,0.6
dnokw51592,2024-08-08 10:23:27-04:00,3_IOAxCONF,Case1,2_T2,1_SC,3,14,7,,,,,,,,,1,1,0,0,1,1,1,1,0,nan,1,1,1,0,1,1,1,1,0,nan,<NA>,<NA>,87,<NA>,A,A,C,D,A,A,A,A,6,0,1,1,7,8,0.75,0,0.125,0.125,0.65625,0.03125,0.6875,0.65625,0.03125,0.6875,0.875,0.1875,0.3125,0.6
l4bnh1calr,2024-08-08 10:25:04-04:00,3_IOAxCONF,Case1,2_T2,1_SC,3,15,7.5,,,,,,,,,1,1,1,1,1,0,1,1,1,Asked about written feedback,1,1,0,0,1,0,1,1,0,nan,<NA>,<NA>,88,<NA>,A,A,B,B,A,D,A,A,5,2,0,1,6,8,0.625,0.25,0,0.125,0.546875,0.046875,0.59375,0.546875,0.046875,0.59375,0.75,0.15625,0.40625,0.384615385
gcxlocm6jn,2024-08-08 10:25:56-04:00,3_IOAxCONF,Case1,2_T2,1_SC,3,16,8,,,,,,,,,1,1,1,1,1,1,1,1,1,nan,1,1,1,1,1,1,1,1,0,nan,<NA>,<NA>,89,<NA>,A,A,A,A,A,A,A,A,8,0,0,0,8,8,1,0,0,0,1,0,1,1,0,1,1,0,0,1
9jzbe1om92,2024-08-08 10:27:09-04:00,3_IOAxCONF,Case1,2_T2,1_SC,3,17,8.5,,,,,,,,,1,1,1,0,1,1,1,1,1,nan,1,1,1,0,1,1,1,1,0,nan,<NA>,<NA>,90,<NA>,A,A,A,D,A,A,A,A,7,0,0,1,8,8,0.875,0,0,0.125,0.765625,0.015625,0.78125,0.765625,0.015625,0.78125,1,0.21875,0.21875,1
6ucigy2n12,2024-08-08 10:28:23-04:00,3_IOAxCONF,Case1,2_T2,1_SC,3,18,9,,,,,,,,,1,1,0,0,1,1,1,1,0,nan,1,1,1,0,1,0,0,1,0,Caregiver took ~4 sec for feedback,<NA>,<NA>,91,<NA>,A,A,C,D,A,B,B,A,4,2,1,1,5,8,0.5,0.25,0.125,0.125,0.46875,0.09375,0.5625,0.46875,0.09375,0.5625,0.625,0.0625,0.4375,0.142857143
nneqyyrric,2024-08-08 10:34:09-04:00,3_IOAxCONF,Case1,2_T2,1_SC,3,19,9.5,,,,,,,,,1,1,1,1,1,1,1,1,1,Had just given verbal feedback,1,1,1,1,1,1,1,1,1,Confederate provided some coaching/feedback to caregiver 23:00,<NA>,<NA>,92,<NA>,A,A,A,A,A,A,A,A,8,0,0,0,8,8,1,0,0,0,1,0,1,1,0,1,1,0,0,1
jc1k7c9yem,2024-08-08 10:35:01-04:00,3_IOAxCONF,Case1,2_T2,1_SC,3,20,10,,,,,,,,,1,1,1,1,1,1,1,1,1,nan,1,1,1,1,1,1,1,1,0,nan,<NA>,<NA>,93,<NA>,A,A,A,A,A,A,A,A,8,0,0,0,8,8,1,0,0,0,1,0,1,1,0,1,1,0,0,1
c9o0v9ykd7,2024-08-08 10:36:02-04:00,3_IOAxCONF,Case1,2_T2,1_SC,3,21,10.5,,,,,,,,,1,1,1,1,1,0,1,1,0,nan,1,1,1,1,1,1,1,1,0,nan,<NA>,<NA>,94,<NA>,A,A,A,A,A,C,A,A,7,0,1,0,7,8,0.875,0,0.125,0,0.875,0,0.875,0.875,0,0.875,0.875,0,0.125,0
2qwvmm07ui,2024-08-08 10:36:47-04:00,3_IOAxCONF,Case1,2_T2,1_SC,3,22,11,,,,,,,,,1,1,1,1,1,1,1,1,0,nan,1,1,1,1,1,1,1,1,1,nan,<NA>,<NA>,95,<NA>,A,A,A,A,A,A,A,A,8,0,0,0,8,8,1,0,0,0,1,0,1,1,0,1,1,0,0,1
jjm57uwqzt,2024-08-08 10:37:54-04:00,3_IOAxCONF,Case1,2_T2,1_SC,3,23,11.5,,,,,,,,,1,1,1,0,1,1,1,1,0,nan,1,0,1,0,1,1,1,1,0,nan,<NA>,<NA>,96,<NA>,A,B,A,D,A,A,A,A,6,1,0,1,7,8,0.75,0.125,0,0.125,0.65625,0.03125,0.6875,0.65625,0.03125,0.6875,0.875,0.1875,0.3125,0.6
iahde57cm8,2024-08-08 10:38:53-04:00,3_IOAxCONF,Case1,2_T2,1_SC,3,24,12,,,,,,,,,1,1,1,1,1,1,1,1,0,nan,1,1,1,1,1,1,1,1,0,nan,<NA>,<NA>,97,<NA>,A,A,A,A,A,A,A,A,8,0,0,0,8,8,1,0,0,0,1,0,1,1,0,1,1,0,0,1
xfafelu310,2024-08-08 10:41:01-04:00,3_IOAxCONF,Case1,2_T2,1_SC,3,25,12.5,,,,,,,,,1,1,1,1,1,1,1,1,1,Previous verbal feedback,1,1,1,1,1,1,1,1,1,Confederate provided further coaching 33:00,<NA>,<NA>,98,<NA>,A,A,A,A,A,A,A,A,8,0,0,0,8,8,1,0,0,0,1,0,1,1,0,1,1,0,0,1
ylwmempocs,2024-08-08 10:42:11-04:00,3_IOAxCONF,Case1,2_T2,1_SC,3,26,13,,,,,,,,,1,1,1,1,1,1,1,1,1,I complied **Addressed 2024.09.16**,1,1,1,1,1,1,1,1,0,nan,<NA>,<NA>,99,<NA>,A,A,A,A,A,A,A,A,8,0,0,0,8,8,1,0,0,0,1,0,1,1,0,1,1,0,0,1
5af6ra23cu,2024-08-08 10:43:38-04:00,3_IOAxCONF,Case1,2_T2,1_SC,3,27,13.5,,,,,,,,,1,1,1,1,1,1,1,1,0,nan,1,1,1,1,1,1,1,1,0,nan,<NA>,<NA>,100,<NA>,A,A,A,A,A,A,A,A,8,0,0,0,8,8,1,0,0,0,1,0,1,1,0,1,1,0,0,1
hj5bssexha,2024-08-08 10:44:27-04:00,3_IOAxCONF,Case1,2_T2,1_SC,3,28,14,,,,,,,,,1,1,1,1,1,1,1,1,0,nan,1,1,1,1,1,1,1,1,0,nan,<NA>,<NA>,101,<NA>,A,A,A,A,A,A,A,A,8,0,0,0,8,8,1,0,0,0,1,0,1,1,0,1,1,0,0,1
tdquvppn2k,2024-08-08 10:45:21-04:00,3_IOAxCONF,Case1,2_T2,1_SC,3,29,14.5,,,,,,,,,1,1,1,1,1,1,1,1,0,nan,1,1,1,1,1,1,1,1,0,nan,<NA>,<NA>,102,<NA>,A,A,A,A,A,A,A,A,8,0,0,0,8,8,1,0,0,0,1,0,1,1,0,1,1,0,0,1
o1n9nyvq1v,2024-08-08 10:46:30-04:00,3_IOAxCONF,Case1,2_T2,1_SC,3,30,15,,,,,,,,,1,1,0,0,1,1,1,1,0,nan,1,1,1,1,1,1,1,1,0,nan,<NA>,<NA>,103,<NA>,A,A,C,C,A,A,A,A,6,0,2,0,6,8,0.75,0,0.25,0,0.75,0,0.75,0.75,0,0.75,0.75,0,0.25,0
20biysgoz7,2024-08-19 11:02:31-04:00,3_IOAxCONF,Case1,5_RTB,0_AC,7,1,0.5,,,,,,,,,1,1,1,1,1,1,1,1,0,nan,1,1,1,1,1,1,1,1,0,nan,<NA>,<NA>,104,<NA>,A,A,A,A,A,A,A,A,8,0,0,0,8,8,1,0,0,0,1,0,1,1,0,1,1,0,0,1
8ie3mrou4h,2024-08-19 11:03:13-04:00,3_IOAxCONF,Case1,5_RTB,0_AC,7,2,1,,,,,,,,,1,1,1,1,1,1,1,1,1,Caregiver initiated end of trial,1,1,0,0,1,1,1,1,0,nan,<NA>,<NA>,105,<NA>,A,A,B,B,A,A,A,A,6,2,0,0,6,8,0.75,0.25,0,0,0.75,0,0.75,0.75,0,0.75,0.75,0,0.25,0
ezencmrird,2024-08-19 11:04:11-04:00,3_IOAxCONF,Case1,5_RTB,0_AC,7,3,1.5,,,,,,,,,1,1,1,1,1,1,1,1,0,nan,1,1,1,1,1,1,1,1,0,Noticed that the child did eventually comply,<NA>,<NA>,106,<NA>,A,A,A,A,A,A,A,A,8,0,0,0,8,8,1,0,0,0,1,0,1,1,0,1,1,0,0,1
xd3xahzf81,2024-08-14 09:00:53-04:00,3_IOAxCONF,Case3,3_T3,1_SC,4,1,0.5,,,,,,,,,1,1,1,1,1,1,1,1,0,nan,1,1,1,1,1,1,1,1,0,nan,<NA>,<NA>,107,<NA>,A,A,A,A,A,A,A,A,8,0,0,0,8,8,1,0,0,0,1,0,1,1,0,1,1,0,0,1
rixk768iqu,2024-08-14 09:01:54-04:00,3_IOAxCONF,Case3,3_T3,1_SC,4,2,1,,,,,,,,,1,1,1,1,1,1,1,1,0,nan,1,1,1,1,1,1,1,1,0,nan,<NA>,<NA>,108,<NA>,A,A,A,A,A,A,A,A,8,0,0,0,8,8,1,0,0,0,1,0,1,1,0,1,1,0,0,1
k0ay8aucra,2024-08-14 09:02:59-04:00,3_IOAxCONF,Case3,3_T3,1_SC,4,3,1.5,,,,,,,,,1,1,1,1,1,1,1,1,0,nan,1,1,1,1,0,1,1,1,0,Very neutral tone,<NA>,<NA>,109,<NA>,A,A,A,A,B,A,A,A,7,1,0,0,7,8,0.875,0.125,0,0,0.875,0,0.875,0.875,0,0.875,0.875,0,0.125,0
r8ruyihge5,2024-08-14 09:03:42-04:00,3_IOAxCONF,Case3,3_T3,1_SC,4,4,2,,,,,,,,,1,1,1,1,1,1,1,1,0,nan,1,1,1,1,1,1,1,1,0,nan,<NA>,<NA>,110,<NA>,A,A,A,A,A,A,A,A,8,0,0,0,8,8,1,0,0,0,1,0,1,1,0,1,1,0,0,1
m2oc7z1zit,2024-08-14 09:04:59-04:00,3_IOAxCONF,Case3,3_T3,1_SC,4,5,2.5,,,,,,,,,1,1,0,1,1,0,1,1,0,nan,1,1,1,1,1,1,1,1,0,nan,<NA>,<NA>,111,<NA>,A,A,C,A,A,C,A,A,6,0,2,0,6,8,0.75,0,0.25,0,0.75,0,0.75,0.75,0,0.75,0.75,0,0.25,0
73v7awwxz6,2024-08-14 09:05:59-04:00,3_IOAxCONF,Case3,3_T3,1_SC,4,6,3,,,,,,,,,1,1,1,1,1,1,1,1,0,nan,1,1,1,1,1,1,1,1,0,nan,<NA>,<NA>,112,<NA>,A,A,A,A,A,A,A,A,8,0,0,0,8,8,1,0,0,0,1,0,1,1,0,1,1,0,0,1
jve0bc8gh8,2024-08-14 09:07:47-04:00,3_IOAxCONF,Case3,3_T3,1_SC,4,8,4,,,,,,,,,1,1,1,1,1,1,1,1,0,nan,1,1,1,1,0,1,1,1,0,"very soft tone. This is also supposed to be trial 8, not sure if i fixed the #",<NA>,<NA>,113,<NA>,A,A,A,A,B,A,A,A,7,1,0,0,7,8,0.875,0.125,0,0,0.875,0,0.875,0.875,0,0.875,0.875,0,0.125,0
esxf9xbcco,2024-08-14 09:08:28-04:00,3_IOAxCONF,Case3,3_T3,1_SC,4,9,4.5,,,,,,,,,1,1,1,1,1,1,1,1,0,nan,1,1,1,1,1,1,1,1,0,nan,<NA>,<NA>,114,<NA>,A,A,A,A,A,A,A,A,8,0,0,0,8,8,1,0,0,0,1,0,1,1,0,1,1,0,0,1
zsydrua0kw,2024-08-14 09:09:11-04:00,3_IOAxCONF,Case3,3_T3,1_SC,4,10,5,,,,,,,,,1,1,1,1,1,1,1,1,0,nan,1,1,1,1,1,1,1,1,0,nan,<NA>,<NA>,115,<NA>,A,A,A,A,A,A,A,A,8,0,0,0,8,8,1,0,0,0,1,0,1,1,0,1,1,0,0,1
g3ustmig5t,2024-08-14 09:10:03-04:00,3_IOAxCONF,Case3,3_T3,1_SC,4,11,5.5,,,,,,,,,1,1,1,1,1,1,1,1,0,nan,1,1,1,1,1,1,1,1,0,nan,<NA>,<NA>,116,<NA>,A,A,A,A,A,A,A,A,8,0,0,0,8,8,1,0,0,0,1,0,1,1,0,1,1,0,0,1
7anv3ijurn,2024-08-14 09:10:44-04:00,3_IOAxCONF,Case3,3_T3,1_SC,4,12,6,,,,,,,,,1,1,1,1,1,1,1,1,0,nan,1,1,1,1,1,1,1,1,0,nan,<NA>,<NA>,117,<NA>,A,A,A,A,A,A,A,A,8,0,0,0,8,8,1,0,0,0,1,0,1,1,0,1,1,0,0,1
1dd4utxqq0,2024-08-14 09:15:50-04:00,3_IOAxCONF,Case3,3_T3,0_AC,4,1,0.5,,,,,,,,,1,1,1,1,1,1,1,1,0,nan,1,1,1,1,1,1,1,1,0,nan,<NA>,<NA>,118,<NA>,A,A,A,A,A,A,A,A,8,0,0,0,8,8,1,0,0,0,1,0,1,1,0,1,1,0,0,1
84c2e101cp,2024-08-14 09:16:28-04:00,3_IOAxCONF,Case3,3_T3,0_AC,4,2,1,,,,,,,,,1,1,1,1,1,1,1,1,0,nan,1,1,1,1,0,1,1,1,0,Questioning tone? 16:15ish,<NA>,<NA>,119,<NA>,A,A,A,A,B,A,A,A,7,1,0,0,7,8,0.875,0.125,0,0,0.875,0,0.875,0.875,0,0.875,0.875,0,0.125,0
1fv3xh81bn,2024-08-14 09:17:05-04:00,3_IOAxCONF,Case3,3_T3,0_AC,4,3,1.5,,,,,,,,,1,1,1,1,1,1,1,1,0,nan,1,1,1,1,1,1,1,1,0,nan,<NA>,<NA>,120,<NA>,A,A,A,A,A,A,A,A,8,0,0,0,8,8,1,0,0,0,1,0,1,1,0,1,1,0,0,1
mftqsa41sf,2024-08-13 08:59:41-04:00,3_IOAxCONF,Case3,2_T2,1_SC,3,1,0.5,,,,,,,,,1,1,1,1,1,1,1,1,1,nan,1,1,0,1,1,0,1,1,0,nan,<NA>,<NA>,121,<NA>,A,A,B,A,A,B,A,A,6,2,0,0,6,8,0.75,0.25,0,0,0.75,0,0.75,0.75,0,0.75,0.75,0,0.25,0
b6s7qzxy89,2024-08-13 09:02:21-04:00,3_IOAxCONF,Case3,2_T2,1_SC,3,4,2,,,,,,,,,1,1,1,1,1,1,1,1,0,nan,1,1,1,1,1,1,1,1,0,nan,<NA>,<NA>,122,<NA>,A,A,A,A,A,A,A,A,8,0,0,0,8,8,1,0,0,0,1,0,1,1,0,1,1,0,0,1
33u71gj78q,2024-08-13 09:03:54-04:00,3_IOAxCONF,Case3,2_T2,1_SC,3,6,3,,,,,,,,,1,1,1,1,1,1,1,1,0,nan,0,1,1,1,1,1,1,1,0,nan,<NA>,<NA>,123,<NA>,B,A,A,A,A,A,A,A,7,1,0,0,7,8,0.875,0.125,0,0,0.875,0,0.875,0.875,0,0.875,0.875,0,0.125,0
l78puidwmz,2024-08-13 09:11:38-04:00,3_IOAxCONF,Case3,2_T2,0_AC,3,1,0.5,,,,,,,,,1,1,1,1,1,1,1,1,0,nan,1,1,1,1,1,1,1,1,0,nan,<NA>,<NA>,124,<NA>,A,A,A,A,A,A,A,A,8,0,0,0,8,8,1,0,0,0,1,0,1,1,0,1,1,0,0,1
assm964nzn,2024-08-13 09:12:32-04:00,3_IOAxCONF,Case3,2_T2,0_AC,3,2,1,,,,,,,,,1,1,1,1,1,1,1,1,0,nan,0,1,1,1,1,1,1,1,0,nan,<NA>,<NA>,125,<NA>,B,A,A,A,A,A,A,A,7,1,0,0,7,8,0.875,0.125,0,0,0.875,0,0.875,0.875,0,0.875,0.875,0,0.125,0
fos43axt8r,2024-08-13 09:13:44-04:00,3_IOAxCONF,Case3,2_T2,0_AC,3,3,1.5,,,,,,,,,1,1,1,1,1,1,1,1,1,nan,0,1,1,1,1,1,1,1,0,nan,<NA>,<NA>,126,<NA>,B,A,A,A,A,A,A,A,7,1,0,0,7,8,0.875,0.125,0,0,0.875,0,0.875,0.875,0,0.875,0.875,0,0.125,0
ea26882t36,2024-08-14 09:46:20-04:00,3_IOAxCONF,Case2,5_RTB,1_SC,5,1,0.5,,,,,,,,,1,1,1,1,1,1,1,1,1,nan,0,1,1,1,1,1,1,1,0,nan,<NA>,<NA>,127,<NA>,B,A,A,A,A,A,A,A,7,1,0,0,7,8,0.875,0.125,0,0,0.875,0,0.875,0.875,0,0.875,0.875,0,0.125,0
4p52jdcygg,2024-08-14 09:48:49-04:00,3_IOAxCONF,Case2,5_RTB,1_SC,5,4,2,,,,,,,,,1,1,1,1,1,1,1,1,0,nan,1,1,1,1,1,1,1,1,0,nan,<NA>,<NA>,128,<NA>,A,A,A,A,A,A,A,A,8,0,0,0,8,8,1,0,0,0,1,0,1,1,0,1,1,0,0,1
bk9wgqr4ul,2024-08-14 09:51:40-04:00,3_IOAxCONF,Case2,5_RTB,1_SC,5,7,3.5,,,,,,,,,1,1,1,1,1,1,1,1,0,nan,0,1,1,0,1,1,1,1,0,nan,<NA>,<NA>,129,<NA>,B,A,A,B,A,A,A,A,6,2,0,0,6,8,0.75,0.25,0,0,0.75,0,0.75,0.75,0,0.75,0.75,0,0.25,0
1ruj52dgun,2024-08-14 09:57:47-04:00,3_IOAxCONF,Case2,5_RTB,0_AC,5,1,0.5,,,,,,,,,1,1,1,0,1,1,1,1,0,nan,1,1,1,0,1,1,1,1,0,nan,<NA>,<NA>,130,<NA>,A,A,A,D,A,A,A,A,7,0,0,1,8,8,0.875,0,0,0.125,0.765625,0.015625,0.78125,0.765625,0.015625,0.78125,1,0.21875,0.21875,1
xmvhjmnp8d,2024-08-16 09:54:28-04:00,3_IOAxCONF,Case1,5_RTB,1_SC,6,1,0.5,,,,,,,,,1,1,1,1,1,1,1,1,0,nan,1,1,1,1,1,1,1,1,0,nan,<NA>,<NA>,131,<NA>,A,A,A,A,A,A,A,A,8,0,0,0,8,8,1,0,0,0,1,0,1,1,0,1,1,0,0,1
t74m72d6ox,2024-08-16 09:58:10-04:00,3_IOAxCONF,Case1,5_RTB,1_SC,6,4,2,,,,,,,,,1,1,1,1,1,1,1,1,0,nan,1,1,1,1,1,1,1,1,0,nan,<NA>,<NA>,132,<NA>,A,A,A,A,A,A,A,A,8,0,0,0,8,8,1,0,0,0,1,0,1,1,0,1,1,0,0,1
mpi2rm6b1i,2024-08-16 10:00:45-04:00,3_IOAxCONF,Case1,5_RTB,1_SC,6,7,3.5,,,,,,,,,1,1,1,1,1,1,1,1,0,nan,1,1,1,1,1,1,1,1,0,nan,<NA>,<NA>,133,<NA>,A,A,A,A,A,A,A,A,8,0,0,0,8,8,1,0,0,0,1,0,1,1,0,1,1,0,0,1
vws0jd4py3,2024-08-07 09:36:05-04:00,3_IOAxCONF,Case3,1_T1,1_SC,2,1,0.5,,,,,,,,,1,1,0,0,1,1,1,1,1,Sent wrong guide. **Addressed 2024.09.16**,0,1,0,0,1,1,1,1,1,Looked like some technical difficulties that had to be navigated (1:00),<NA>,<NA>,134,<NA>,B,A,D,D,A,A,A,A,5,1,0,2,7,8,0.625,0.125,0,0.25,0.46875,0.09375,0.5625,0.46875,0.09375,0.5625,0.875,0.3125,0.4375,0.714285714
uhz6scvrcf,2024-08-07 09:40:13-04:00,3_IOAxCONF,Case3,1_T1,1_SC,2,4,2,,,,,,,,,1,1,0,1,1,1,1,1,0,nan,1,1,0,0,1,1,1,1,0,nan,<NA>,<NA>,135,<NA>,A,A,D,B,A,A,A,A,6,1,0,1,7,8,0.75,0.125,0,0.125,0.65625,0.03125,0.6875,0.65625,0.03125,0.6875,0.875,0.1875,0.3125,0.6
wobjacr4f0,2024-08-07 09:43:56-04:00,3_IOAxCONF,Case3,1_T1,1_SC,2,7,3.5,,,,,,,,,1,1,0,1,1,1,1,0,0,nan,0,1,0,0,1,1,1,0,0,nan,<NA>,<NA>,136,<NA>,B,A,D,B,A,A,A,D,4,2,0,2,6,8,0.5,0.25,0,0.25,0.375,0.125,0.5,0.375,0.125,0.5,0.75,0.25,0.5,0.5
x6snutud2j,2024-08-07 09:48:46-04:00,3_IOAxCONF,Case3,1_T1,1_SC,2,11,5.5,,,,,,,,,1,1,0,0,1,1,1,1,0,nan,0,1,0,0,1,1,1,1,0,nan,<NA>,<NA>,137,<NA>,B,A,D,D,A,A,A,A,5,1,0,2,7,8,0.625,0.125,0,0.25,0.46875,0.09375,0.5625,0.46875,0.09375,0.5625,0.875,0.3125,0.4375,0.714285714
e9jw781c6q,2024-08-07 09:52:50-04:00,3_IOAxCONF,Case3,1_T1,1_SC,2,14,7,,,,,,,,,1,1,0,1,1,1,1,1,0,nan,1,1,0,0,1,1,1,1,0,nan,<NA>,<NA>,138,<NA>,A,A,D,B,A,A,A,A,6,1,0,1,7,8,0.75,0.125,0,0.125,0.65625,0.03125,0.6875,0.65625,0.03125,0.6875,0.875,0.1875,0.3125,0.6
9u24ug994x,2024-08-07 09:56:24-04:00,3_IOAxCONF,Case3,1_T1,1_SC,2,17,8.5,,,,,,,,,1,1,1,1,1,0,1,1,0,nan,0,1,0,0,1,0,1,1,0,nan,<NA>,<NA>,139,<NA>,B,A,B,B,A,D,A,A,4,3,0,1,5,8,0.5,0.375,0,0.125,0.4375,0.0625,0.5,0.4375,0.0625,0.5,0.625,0.125,0.5,0.25
g1p4exdh69,2024-08-07 10:00:33-04:00,3_IOAxCONF,Case3,1_T1,1_SC,2,20,10,,,,,,,,,1,1,1,1,1,1,1,1,1,I complied **Addressed 2024.09.16**,0,1,1,1,1,0,1,1,0,nan,<NA>,<NA>,140,<NA>,B,A,A,A,A,B,A,A,6,2,0,0,6,8,0.75,0.25,0,0,0.75,0,0.75,0.75,0,0.75,0.75,0,0.25,0
lihoshct35,2024-08-07 10:04:05-04:00,3_IOAxCONF,Case3,1_T1,1_SC,2,23,11.5,,,,,,,,,1,1,1,1,1,1,1,1,0,nan,0,1,0,0,1,1,1,1,0,nan,<NA>,<NA>,141,<NA>,B,A,B,B,A,A,A,A,5,3,0,0,5,8,0.625,0.375,0,0,0.625,0,0.625,0.625,0,0.625,0.625,0,0.375,0
ydcxk6f2tw,2024-08-16 09:15:07-04:00,3_IOAxCONF,Case4,5_RTB,0_AC,2,1,0.5,,,,,,,,,1,1,1,1,1,1,1,1,0,nan,1,1,1,1,1,1,1,1,0,nan,<NA>,<NA>,142,<NA>,A,A,A,A,A,A,A,A,8,0,0,0,8,8,1,0,0,0,1,0,1,1,0,1,1,0,0,1
vlkta0y9ks,2024-08-16 09:16:59-04:00,3_IOAxCONF,Case4,5_RTB,0_AC,2,2,1,,,,,,,,,1,1,1,1,1,1,1,1,0,nan,1,1,1,1,1,1,1,1,0,nan,<NA>,<NA>,143,<NA>,A,A,A,A,A,A,A,A,8,0,0,0,8,8,1,0,0,0,1,0,1,1,0,1,1,0,0,1
kv07tghq0x,2024-08-16 09:18:00-04:00,3_IOAxCONF,Case4,5_RTB,0_AC,2,3,1.5,,,,,,,,,1,1,1,1,1,1,1,1,0,nan,1,1,1,1,1,1,1,1,0,nan,<NA>,<NA>,144,<NA>,A,A,A,A,A,A,A,A,8,0,0,0,8,8,1,0,0,0,1,0,1,1,0,1,1,0,0,1
,,,,,,,,,,,,,,,,,,,,,,,,,,,,,,,,,,,,,,,,Matrix_A,86,132,44,43,126,62,109,95,697,Matrix_A,,,,,,,,,,,,,,,,,,0.639816409
,,,,,,,,,,,,,,,,,,,,,,,,,,,,,,,,,,,,,,,,Matrix_B,34,1,5,34,5,8,5,7,99,Matrix_B,,,,,,,,,,,,,,,,,,
,,,,,,,,,,,,,,,,,,,,,,,,,,,,,,,,,,,,,,,,Matrix_C,0,4,14,1,6,15,3,1,44,Matrix_C,,,,,,,,,,,,,,,,,,
,,,,,,,,,,,,,,,,,,,,,,,,,,,,,,,,,,,,,,,,Matrix_D,17,0,74,59,0,52,20,34,256,Matrix_D,,,,,,,,,,,,,,,,,,
,,,,,,,,,,,,,,,,,,,,,,,,,,,,,,,,,,,,,,,,AD_Count,103,132,118,102,126,114,129,129,953,AD_Count,,,,,,,,,,,,,,,,,,
,,,,,,,,,,,,,,,,,,,,,,,,,,,,,,,,,,,,,,,,ABCD_Count,137,137,137,137,137,137,137,137,1096,ABCD_Count,,,,,,,,,,,,,,,,,,
,,,,,,,,,,,,,,,,,,,,,,,,,,,,,,,,,,,,,,,,P_o,0.751824818,0.96350365,0.861313869,0.744525547,0.919708029,0.832116788,0.941605839,0.941605839,0.869525547,P_o,,,,,,,,,,,,,,,,,,
,,,,,,,,,,,,,,,,,,,,,,,,,,,,,,,,,,,,,,,,((A+B)*(A+C))/n,0.549842826,0.963716767,0.151419895,0.180510416,0.92130641,0.287175662,0.680270659,0.521711333,0.49103242,((A+B)*(A+C))/n,,,,,,,,,,,,,,,,,,
,,,,,,,,,,,,,,,,,,,,,,,,,,,,,,,,,,,,,,,,((B+D)*(C+D))/n,0.046193191,0.000213117,0.370397997,0.297298737,0.00159838,0.214182961,0.030635623,0.076455858,0.088660158,((B+D)*(C+D))/n,,,,,,,,,,,,,,,,,,
,,,,,,,,,,,,,,,,,,,,,,,,,,,,,,,,,,,,,,,,p_e,0.596036017,0.963929884,0.521817891,0.477809153,0.92290479,0.501358623,0.710906282,0.598167191,0.579692578,p_e,,,,,,,,,,,,,,,,,,
,,,,,,,,,,,,,,,,,,,,,,,,,,,,,,,,,,,,,,,,P_o - P_e,0.155788801,-0.000426235,0.339495977,0.266716394,-0.003196761,0.330758165,0.230699558,0.343438649,0.289832969,P_o - P_e,,,,,,,,,,,,,,,,,,
,,,,,,,,,,,,,,,,,,,,,,,,,,,,,,,,,,,,,,,,1 - P_e,0.403963983,0.036070116,0.478182109,0.522190847,0.07709521,0.498641377,0.289093718,0.401832809,0.420307422,1 - P_e,,,,,,,,,,,,,,,,,,
,,,,,,,,,,,,,,,,,,,,,,,,,,,,,,,,,,,,,,,,k,0.385650224,-0.011816839,0.709972145,0.510764208,-0.0414651,0.663318731,0.798009583,0.854680456,0.68957376,k,,,,,,,,,,,,,,,,,,
,,,,,,,,,,,,,,,,,,,,,,,,,,,,,,,,,,,,,,,,,,,,,,,,,Total,,,,,,,,,,,,,,,,,,,
